Gr. Nr.,Ebene,Gruppierung,Domain
00/00/00,Bundesebene,"DPSG Bundesverband",dpsg.de
01/00/00,Diözese,"Diözesanverband Aachen",dpsg-ac.de
01/01/00,Bezirk,"RheinBezirk",rheinbezirk.de
01/01/01,Stamm,"Krefeld-Cracau, St. Elisabeth",lagerfeuer.org
01/01/02,Stamm,"Krefeld, St. Norbertus",-
01/01/03,Stamm,"Krefeld, Inrath",dpsg-inrath.de
01/01/05,Stamm,"Stamm Linn",stamm-linn.de
01/01/06,Stamm,"Meerbusch-Lank-Latum, Lank Rheinfranken",stamm-lank.de
01/01/07,Stamm,"Krefeld-Uerdingen/Ostgoten",ostgoten.de
01/01/08,Stamm,"Krefeld-Forstwald",dpsg-forstwald.de
01/01/09,Stamm,"Krefeld-Lindenthal, Michael",stamm-st-michael.de
01/01/10,Stamm,"Krefeld-Hüls, Raubritter",raubritter-huels.de
01/01/11,Stamm,"Krefeld, Kreuz-Ritter",stamm-kreuz-ritter.de
01/02/00,Bezirk,"Bezirk Grenzland",dpsg-grenzland.de
01/02/01,Stamm,"Schiefbahn, St. Hubertus",pfadfinder-schiefbahn.de
01/02/02,Stamm,"St. Lambertus Breyell",dpsg-breyell.de
01/02/04,Stamm,"Kaldenkirchen, St. Clemens",-
01/02/05,Stamm,"Viersen, St. Remigius",dpsg-viersen.de
01/02/06,Stamm,"St. Sebastian, Lobberich",dpsg-lobberich.de
01/02/07,Stamm,"St. Vitus Oedt",vitusscout.de
01/02/08,Stamm,"Hinsbeck, St. Peter",-
01/02/09,Stamm,"Dülken",dpsg-duelken.de
01/02/12,Stamm,"Kempen",dpsg-kempen.de
01/02/13,Stamm,"Tönisvorst, St. Tönis",dpsg-st-toenis.de
01/02/14,Stamm,"Kempen, St. Hubert",dpsg-st-hubert.de
01/02/15,Stamm,"Willich-Wekeln, St. Katharina",dpsg-willich.de
01/03/00,Bezirk,"Bezirk Mönchengladbach",dpsg-mg.de
01/03/01,Stamm,"Mönchengladbach, Scheuburg",scheuburg.de
01/03/02,Stamm,"Mönchengladbach, Kreuzfahrer",pfadfinder-odenkirchen.de
01/03/03,Stamm,"Mönchengladbach, Giesenkirchen",stamm-giesenkirchen.de
01/03/04,Stamm,"Mönchengladbach-Rheydt, Cityscouts",cityscouts.org
01/03/05,Stamm,"Mönchengladbach, Windberg",stamm-windberg.de
01/03/06,Stamm,"Jüchen-Bedburdyck, St. Martinus",-
01/03/08,Stamm,"Mönchengladbach, Rabenhorst",stamm-rabenhorst.de
01/03/09,Stamm,"Mönchengladbach, Bettrath-Neuwerk",dpsgbettrath.de
01/03/10,Stamm,"Mönchengladbach-Holt, Martin-Luther-King",dpsgmlk.de
01/03/12,Stamm,"Mönchengladbach-Eicken, Trotzenburg",trotzenburg.de
01/03/14,Stamm,"Stamm Otzenrath",pfadfinder-otzenrath.de
01/03/15,Stamm,"Stamm Salier Meerkamp eV",salier-meerkamp.de
01/03/16,Stamm,"Hochneukirch",stamm-hochneukirch.de
01/03/17,Stamm,"Mönchengladbach-Rheydt, Fabula",stamm-fabula.de
01/04/00,Bezirk,"Bezirk Heinsberg",-
01/04/03,Stamm,"Gangelt, St. Nikolaus",g-scouts.de
01/04/07,Siedlung,"Hückelhoven-Doveren, Kreuzherren",-
01/04/10,Stamm,"Wegberg, Titus Brandsma",dpsgwegberg.de
01/04/12,Stamm,"Wegberg-Dalheim",dpsg-dalheim.de
01/04/13,Stamm,"Erkelenz-Mitte, St. Lambertus",pfadfinder-erkelenz.de
01/05/00,Bezirk,"Bezirk Düren",bezirk-dueren.de
01/05/01,Stamm,"Langerwehe",dpsg-langerwehe.de
01/05/03,Stamm,"Merzenich, St. Laurentius",-
01/05/05,Stamm,"Jülich, Franz von Sales",pfadfinder-juelich.de
01/05/06,Stamm,"Linnich",rurlinge.de
01/05/08,Stamm,"Siersdorf, Kreuzritter",kreuzritter-siersdorf.de
01/05/09,Stamm,"Düren-Arnoldsweiler, St. Arnold",pfadfinder-st-arnold.de
01/05/15,Stamm,"Düren, Wildgänse St. Anna",wildgaense-st-anna.de
01/06/00,Bezirk,"Bezirk Aachen-Land",-
01/06/03,Stamm,"Eschweiler-Roehe, Deutschritter",deutschritter-roehe.de
01/06/04,Stamm,"Dürwiss, St. Bonifatius",-
01/06/05,Stamm,"Eschweiler-Röthgen, Hohensteiner",hohensteiner.com
01/06/06,Stamm,"Stolberg",dpsg-stolberg.de
01/06/09,Stamm,"Stolberg-Schevenh., Wehebachthaler",wehebachthaler.de
01/06/12,Stamm,"Stolberg-Breinig/Dorff",dpsg-breinig-dorff.de
01/06/14,Stamm,"Kohlscheid I",dpsg-kohlscheid1.de
01/06/16,Stamm,"Würselen, Bardenberg",pfadfinder-bardenberg.de
01/06/17,Stamm,"Herzogenrath, Kämpchen-Bank",-
01/06/20,Stamm,"Wuerselen, St. Pius X",-
01/06/21,Stamm,"Alsdorf-Mariadorf, St. Marien",stamm-mariadorf.de
01/07/00,Bezirk,"Bezirk Eifel",dpsg-eifel.de
01/07/02,Stamm,"Blankenheim-Bl.dorf, Burgfalken",-
01/07/03,Stamm,"Hellenthal",dpsg-hellenthal.de
01/07/04,Stamm,"Kall / Eifel",pfadfinder-kall.net
01/07/05,Stamm,"Blankenheim-Rohr",weisswoelfe.de
01/07/06,Stamm,"Simmerath-Lammersd., Maximilian Kolbe",pfadfinder-lammersdorf.de
01/07/11,Stamm,"Hürtgenwald-Vossenack",pfadfinder-vossenack.de
01/08/00,Bezirk,"Bezirk Aachen-Stadt",dpsg-aachen.de
01/08/01,Stamm,"Grenzlandfalken",grenzlandfalken.de
01/08/02,Siedlung,"Stamm Jakobiner",dpsg-jakobiner.de
01/08/03,Stamm,"Aachen, Forster-Linde",forster-linde.de
01/08/05,Stamm,"Stamm Heilig Kreuz",dpsg-heilig-kreuz.de
01/08/06,Stamm,"Aachen-Brand, Kornelimünster",dpsg-brand.de
01/08/07,Stamm,"Aachen-Eilendorf",dpsg-eilendorf.de
01/08/08,Stamm,"Aachen-Laurensberg, Funkenflug",dpsgfunkenflug.de
01/08/10,Stamm,"Stamm Westwind",dpsg-westwind.de
01/08/11,Stamm,"Aachen-Oberforst., Vennfüssler",vennfuessler.de
01/08/12,Stamm,"Aachen-Innenstadt, St. Adalbert",dpsg-adalbert.de
02/00/00,Diözese,"Diözesanverband Augsburg",dpsg-augsburg.de
02/01/00,Bezirk,"Bezirk Donau-Ries",-
02/01/02,Stamm,"Donauwörth, Mangold v. Wörth",pfadfinder-donauwoerth.de
02/01/03,Stamm,"Gundelfingen, Kaspar v. Westernach",dpsg-gundelfingen.com
02/01/04,Stamm,"Nördlingen, Nordilo",pfadfinder-noerdlingen.de
02/01/06,Stamm,"Wallerstein, Wikinger",pfadfinder-wallerstein.de
02/01/08,Stamm,"Neuburg a.d.Donau",stamm-neuburg.de
02/02/00,Bezirk,"Bezirk Augsburg",dpsg-bezirk-augsburg.de
02/02/01,Stamm,"Aichach, Otto von Wittelsbach",dpsg-aichach.de
02/02/05,Stamm,"Augsburg, Livingstone",-
02/02/06,Stamm,"Augsburg-Hochzoll, St. Exupery",dpsg-hochzoll.de
02/02/07,Stamm,"Augsburg-Universitätsviertel, Salomon-Idler",dpsg-univiertel.de
02/02/08,Stamm,"Augsburg, St. Konrad",dpsg-baerenkeller.de
02/02/10,Stamm,"Augsburg, St. Ulrich & Afra",-
02/02/12,Stamm,"Stadtbergen",dpsg-stadtbergen.de
02/02/13,Stamm,"Friedberg, Konradin",dpsg-friedberg.de
02/02/15,Stamm,"Augsburg-Haunst., Weiße Rose",dpsg-haunstetten.de
02/02/16,Stamm,"Kissing, Guy de Larigaudie",pfadfinder-kissing.de
02/02/18,Stamm,"Neusäß",dpsg-neusaess.de
02/03/00,Bezirk,"Bezirk Rochus Spiecker",dpsg-rochus-spiecker.de
02/03/01,Stamm,"Landsberg, M. Himmelfahrt",dpsg-landsberg.de
02/03/03,Stamm,"Kaufering, Roncalli",dpsg-kaufering.de
02/04/00,Bezirk,"Bezirk Allgäu",pfadfinder-allgaeu.de
02/04/02,Stamm,"Kaufbeuren, St. Martin",dpsg-kaufbeuren.de
02/04/08,Stamm,"Lindenberg, Tilia Monte",tiliamonte.de
02/04/13,Stamm,"Ottobeuren, Gaugraf Silach",pfadfinder-ottobeuren.de
02/05/00,Bezirk,"Bezirk Iller",dpsg-iller.de
02/05/02,Stamm,"Burgau, Tilly",dpsg-burgau.de
02/05/03,Stamm,"Holzheim, Las Casas",-
02/05/04,Stamm,"Ichenhausen",-
02/05/05,Stamm,"Krumbach, St. Michael",pfadfinder-krumbach.de
02/05/07,Stamm,"Oberelchingen",pfadfinder-oberelchingen.de
02/05/08,Stamm,"Vöhringen, Don Bosco",dpsg-voehringen.de
02/05/09,Stamm,"Weißenhorn, St. Franziskus",-
02/05/10,Stamm,"Obergessertshausen, St. Peter",-
03/00/00,Diözese,"Diözesanverband Bamberg",dpsg-bamberg.de
03/01/00,Bezirk,"Bezirk Nürnberg/Fürth",dpsg-bezirknf.de
03/01/04,Stamm,"St. Ludwig Nürnberg",dpsg-ludwig.de
03/01/05,Stamm,"Nürnberg, Maximilian Kolbe",dpsg-maxkolbe.de
03/01/06,Stamm,"Nürnberg-Laufamholz, St. Otto",dpsg-otto.de
03/01/07,Stamm,"Fürth - Mannhof, Sophie Magdalena Scholl",dpsg-sms.de
03/01/08,Stamm,"Nürnberg-Sebald, zu Unserer Lieben Frau",dpsg-ulf.de
03/01/11,Stamm,"Nürnberg, St.Josef - Allerheiligen",dpsg-josef-allerheiligen.de
03/02/00,Bezirk,"Bezirk 2",bezirk2.de
03/02/01,Stamm,"Höchstadt-Hohestete",-
03/02/02,Stamm,"Bamberg, Bischof Otto",-
03/02/03,Stamm,"Uffenheim, Herz Jesu",-
03/02/06,Stamm,"Hirschaid, St. Vitus",pfadfinder-hirschaid.de
03/02/07,Stamm,"Neustadt a.d.Aisch, St. Johannis",-
03/02/08,Stamm,"Bamberg, St. Josef",-
03/03/00,Bezirk,"Bezirk Obermain",dpsg-obermain.de
03/03/01,Stamm,"Altenkunstadt, St. Kilian",dpsg-altenkunstadt.de
03/03/02,Stamm,"Lichtenfels, Andechs-Meran",sam-lichtenfels.de
03/03/03,Stamm,"Bad Staffelstein, Andechs-Rothenau",dpsg-badstaffelstein.de
03/03/05,Stamm,"Kronach-Friesen, St. Georg",dpsg-friesen.de
03/03/08,Stamm,"Bayreuth, Hl. Kreuz",dpsg-bayreuth.de
03/04/00,Bezirk,"Bezirk Schwabachgrund",dpsg-schwabachgrund.de
03/04/01,Stamm,"Erlangen-Sieglitzhof, St. Theresia",pfadfinder-erlangen.de
03/04/02,Stamm,"Erlangen, St. Bonifaz",dpsgbonifaz.de
03/04/03,Stamm,"Uttenreuth, St. Kunigunde",pfadfinder-uttenreuth.de
03/04/05,Stamm,"Stamm Tennenlohe",dpsg-tennenlohe.de
03/04/06,Stamm,"Aurachtal - Herzogenaurach",pfadfinder-aurachtal.de
03/04/08,Stamm,"Stamm St. Marien, Erlangen Bruck",-
03/04/09,Stamm,"Bubenreuth",dpsg-bubenreuth.de
04/00/00,Diözese,"Diözesanverband Berlin",dpsg-berlin.de
04/00/01,Stamm,"Berlin-Pankow, St. Georg",-
04/00/02,Siedlung,"Berlin-Tempelhof, Salvator",-
04/01/01,Stamm,"Berlin-Moabit, St. Paulus",dpsg-st-paulus.de
04/01/02,Stamm,"Berlin-Neukölln (Gropiusstadt), Dominicus",sanktdominicus.de
04/01/04,Stamm,"Berlin-Lankwitz, Don Bosco",dpsg-donbosco.de
04/01/05,Stamm,"Berlin-Charlottenburg, St. Ludwig, Phoenix",dpsg-phoenix.de
04/01/06,Stamm,"Berlin, St. Lambertus",-
04/01/09,Stamm,"Berlin-Zehlendorf, St. Otto",dpsg-sankt-otto.de
04/01/10,Stamm,"Berlin, St. Bonifatius",boni-berlin.de
04/01/11,Stamm,"Berlin-Spandau, Anselm v. Havelberg",dpsg-avh.de
04/01/14,Stamm,"Michendorf, Impeesa",-
04/01/15,Stamm,"Berlin-Spandau, St. Markus",-
04/01/16,Stamm,"Berlin-Charlottenburg, Heilig Geist",-
04/02/03,Stamm,"Greifswald, Boddenkieker",dpsg-boddenkieker.de
04/02/07,Stamm,"Potsdam, Sanssouci",pfadis-potsdam.de
05/00/00,Diözese,"Diözesanverband Eichstätt",dpsg-eichstaett.de
05/01/02,Stamm,"Neumarkt, Pfalzgraf Johann",dpsg-neumarkt.de
05/01/04,Stamm,"Wendelstein, St. Nikolaus",dpsgwendelstein.de
05/01/06,Stamm,"Roßtal, Horsadal",dpsg-rosstal.de
05/01/07,Stamm,"Schwanstetten-Rednitzhembach",-
05/02/01,Stamm,"Eichstätt Dom",pfadfinder-eichstaett.de
05/02/02,Stamm,"Weißenburg, Deutschritter",dpsg-weissenburg.de
05/02/04,Stamm,"Pleinfeld, St. Michael",-
05/02/05,Stamm,"Treuchtlingen",dpsg-treuchtlingen.de
05/03/02,Stamm,"Spalt, St. Emmeram",pfadfinder-spalt.de
05/03/03,Stamm,"Gunzenhausen",dpsg-gunzenhausen.de
05/04/01,Stamm,"Ingolstadt, Münsterritter",dpsg-muensterritter.de
05/04/05,Stamm,"Ingolstadt, St. Pius",-
06/00/00,Diözese,"Diözesanverband Essen",dpsg-essen.de
06/01/00,Bezirk,"DPSG Bezirk Borbeck & Frohnhausen",dpsg-essen-bofro.de
06/01/06,Stamm,"Essen-Frintrop, St. Josef",-
06/01/08,Stamm,"Essen-Schönebeck, St. Ant. Abbas",dpsg-abbas.de
06/01/14,Stamm,"Essen-Frohnhausen, Dom Helder Camara",dhc-dpsg.de
06/01/22,Stamm,"Essen-Beding., St. Franziskus",dpsg-franziskus.de
06/01/27,Stamm,"Essen-Frohnhausen, St. Augustinus",-
06/02/00,Bezirk,"Bezirk Duisburg",dpsg-duisburg.de
06/02/01,Stamm,"Duisburg-Huckin.,Marc.Callo/St. Peter und Paul",dpsg-huckingen.de
06/02/05,Stamm,"Duisburg-Buchh., Jud. Th./K.Martin",dpsg-karl-martin.de
06/02/06,Stamm,"Duisburg-Großenbaum, St. Franziskus",dpsg-grossenbaum.de
06/02/08,Stamm,"Duisburg-Serm, Herz Jesu",-
06/02/10,Stamm,"Duisburg-Buchholz, Hl. Geist",dpsg-heilig-geist.de
06/02/11,Stamm,"Duisburg-Hamborn, St. Peter Marxloh",dpsg-marxloh.de
06/02/12,Stamm,"Duisburg-Rahm, St. Hubertus",rahmerpfadfinder.de
06/02/14,Stamm,"Duisburg, Abtei Hamborn",dpsg-abtei-hamborn.de
06/02/15,Stamm,"Duisburg-Buchholz, St. Nikolaus",dpsgsanktnikolaus.de
06/02/17,Stamm,"Duisburg-Fahrn, St. Georg",dpsg-stgeorg.de
06/04/00,Bezirk,"Bezirk Bottrop/Gladbeck",dpsg-botgla.de
06/04/01,Stamm,"Gladbeck-Mitte, St. Johannes",-
06/04/02,Stamm,"Gladbeck-Zweckel, Herz Jesu",dpsg-zweckel.de
06/04/03,Stamm,"Bottrop-Eigen, St. Pius / Philippo Neri",-
06/04/04,Stamm,"Bottrop, St. Peter",dpsg-stpeter.de
06/04/06,Stamm,"Bottrop, Herz Jesu, St. Barbara",-
06/04/10,Stamm,"Gladbeck-Rentfort, St. Josef",dpsg-rentfort.de
06/04/11,Stamm,"Bottrop, Impeesa",-
06/04/12,Stamm,"Gladbeck-Ellinghorst, Elisabeth",-
06/05/00,Bezirk,"Bezirk Ennepe-Ruhr",bezirk-en.de
06/05/01,Stamm,"Gevelsberg, St. Engelbert",dpsg-gevelsberg.de
06/05/02,Stamm,"Schwelm, St. Marien",pfadfinden-schwelm.de
06/05/03,Stamm,"Ennepetal, Herz Jesu",dpsg-herzjesu-ennepetal.de
06/05/04,Stamm,"Witten-Buchholz, St. Antonius",dpsg-buchholz.de
06/05/05,Stamm,"Sprockhövel, St. Januarius",dpsg-stjanuarius.de
06/05/06,Stamm,"Sprockhövel-Hasslinghausen, Sankt Josef",sanktjosef.de
06/05/07,Stamm,"DPSG Bredenscheid, St.Mariä Empfängnis",dpsg-bredenscheid.de
06/05/08,Stamm,"Hattingen-Mitte, Peter und Paul",-
06/05/09,Stamm,"Wetter-Volmarstein, St. Augustinus u. Monika",dpsg-volmarstein.de
06/05/10,Stamm,"Hattingen-Niederbonsfeld, Isenburg",stammisenburg.de
06/05/11,Stamm,"Hattingen - Winz-Baak, Heilig Geist",-
06/05/13,Stamm,"Hattingen-Niederwenigern, ""Die Wennischen""",-
06/05/14,Stamm,"Janusz Korczak Wetter-Wengern e.V.",dpsg-wengern.de
06/06/00,Bezirk,"Bezirk Gelsenkirchen",dpsg-gelsenkirchen.de
06/06/01,Stamm,"Gelsenkirchen-Horst, Albino Luciani",dpsg-albinoluciani.de
06/06/04,Stamm,"Gelsenkirchen-Feldmark, Kreuzritter",dpsg-kreuzritter.de
06/06/05,Stamm,"Gelsenkirchen-Schalke,Graf v.Galen",dpsg-kvg.de
06/06/06,Stamm,"Gelsenkirchen-Ückendorf, Thomas Morus",dpsg-thomas-morus.info
06/06/07,Stamm,"Stamm Exodus",dpsg-exodus.de
06/06/08,Stamm,"Elisabeth von Thüringen",dpsg-evt.de
06/06/09,Stamm,"Gelsenkirchen, Rochus Spiecker",dpsg-rs.de
06/06/11,Stamm,"Gelsenkirchen-Buer, Don Bosco",donbosco-buer.de
06/06/13,Stamm,"Martin Luther King",dpsg-mlk.de
06/06/16,Stamm,"Gelsenkirchen, Herz Jesu, Angelo Giuseppe Roncalli",dpsg-roncalli.de
06/07/00,Bezirk,"Bezirk Sauerland",dpsg-sauerland.de
06/07/01,Stamm,"Halver-Schalksmühle, Don Bosco",pfadfinder-halver.de
06/07/03,Stamm,"Neuenrade, Steve Biko",-
06/07/04,Stamm,"Werdohl, St. Michael",dpsg-w.de
06/07/05,Stamm,"Lüdenscheid, St. Medardus",dpsg-luedenscheid.de
06/07/06,Stamm,"Plettenberg, Alavanyo",-
06/07/07,Stamm,"Dahl/Rummenohl, Don Bosco",stammdonbosco.de
06/08/00,Bezirk,"Bezirk Bochum & Wattenscheid",dpsg-bowat.eu
06/08/01,Stamm,"Bochum-Altenbochum, Liebfrauen",dpsg-altenbochum.de
06/08/02,Stamm,"Bochum-Langendreer, Canchanabury",dpsg-canchanabury.de
06/08/03,Stamm,"Bochum, Meinolphus",dpsg-meinolphus.de
06/08/04,Stamm,"Bochum-Gerthe, St. Elisabeth",dpsg-gerthe.de
06/08/06,Stamm,"Bochum, Maximilian Kolbe",pfadfinder-hoentrop.de
06/08/07,Stamm,"Bochum-Eppendorf, St. Theresia",pfadfinder-eppendorf.de
06/08/08,Stamm,"St. Johannes Bochum-Wiemelhausen",pfadinet.de
06/08/10,Stamm,"St. Johannes der Täufer Wattenscheid-Leithe",-
06/08/11,Stamm,"Bochum-Harpen, A. Frank & M.-L. King",dpsg-bochum-harpen.de
06/08/12,Stamm,"Bochum-Weitmar, Stamm Bärendorf",stamm-baerendorf.de
06/08/13,Stamm,"Bochum-Hiltrop, Geschwister Scholl",-
06/08/14,Stamm,"Bochum-Querenb, St. Augustinus",pfadfinder-querenburg.de
06/08/16,Stamm,"Bochum-Weitmar, Kardinal von Galen",dpsg-weitmar.de
06/09/00,Bezirk,"Bezirk Mülheim / Ruhr",-
06/09/01,Stamm,"Mülheim/Ruhr, St. Joseph",dpsg-st-joseph.de
06/09/02,Stamm,"St. Mariae Rosenkranz",dpsg-rosenkranz.de
06/09/03,Stamm,"Mülheim a. d. R., St. Michael",dpsg-speldorf.de
06/09/04,Stamm,"Mülheim, St. Barbara",-
06/09/05,Stamm,"Oberhausen, Sterkrade-Mitte, St. Clemens",-
06/09/06,Stamm,"Oberhausen, U.L.F.",ulfer-scouts.de
06/09/08,Stamm,"Oberhausen, Heinrich Seuse",dpsg-osterfeld.de
06/09/10,Stamm,"Oberhausen, St. Theresia",-
06/10/00,Bezirk,"Bezirk Essen Mitte-Nord-Ost",emno.de
06/10/01,Stamm,"Essen-Stoppenberg, St. Nikolaus",dpsg-nikolaus.de
06/10/03,Stamm,"Essen-Steele-Freisenbruch, Sankt Altfrid",dpsg-altfrid.de
06/10/05,Stamm,"Essen-Huttrop und Kray/Leithe, St. Bonifatius & Barbarossa",dpsg-boba.de
06/10/07,Stamm,"Essen-Schonnebeck, St. Elisabeth",dpsg-elisabeth.de
06/11/00,Bezirk,"Bezirk Essen-Süd",dpsg-essen-sued.de
06/11/01,Stamm,"Essen-Relling., St. Lambertus",dpsg-essen-rellinghausen.de
06/11/02,Stamm,"Essen-Horst, St. Joseph, Philipp Neri",-
06/11/03,Stamm,"Essen-Burgaltendorf, Vereinigte Ruhrhalbinsel",dpsg-burgaltendorf.de
06/11/05,Stamm,"Essen-Stadtwald, St. Theresia, Sachsen",stamm-sachsen.de
06/11/06,Stamm,"Essen-Überr., Ch. de Foucauld",stammcdf.de
06/11/07,Stamm,"Essen-Heisingen, St. Georg",dpsg-heisingen.de
06/11/08,Stamm,"Essen-Haarzopf, Tommes Rusticus",tommes-rusticus.de
07/00/00,Diözese,"Diözesanverband Freiburg",dpsg-freiburg.de
07/01/00,Bezirk,"Bezirk Mannheim-Bergstraße",dpsg-mannheim-bergstrasse.de
07/01/01,Stamm,"Mannheim, St. Bernhard",dpsgstbernhard.de
07/01/02,Stamm,"Hemsbach, Johanniter",dpsghemsbach.de
07/01/03,Stamm,"Laudenbach, Cherusker",pfadfinder-laudenbach.de
07/01/04,Stamm,"Mannheim-Neckarau, Thomas Morus",pfadis-neckarau.de
07/01/05,Stamm,"Weinheim-Sulzbach, Guy de Larigaudie",dpsg-sulzbach.de
07/01/06,Stamm,"Mannheim-Friedrichsfeld, St. Bonifatius",pfadfinder-friedrichsfeld.de
07/01/07,Stamm,"Mannheim-Waldhof, St. Lioba",dpsgstlioba.com
07/01/08,Stamm,"Hirschberg-Leutershausen, St. Johannes",dpsg-leutershausen.de
07/02/00,Bezirk,"Bezirk Karlsruhe",dpsg-ka.de
07/02/01,Stamm,"Gaggenau-Bad Rotenfels, Laurentius",dpsg-laurentius.de
07/02/03,Stamm,"Kuppenheim, St. Sebastian",pfadfinder-kuppenheim.de
07/02/04,Stamm,"Baden-Baden, Hohenbaden",dpsg-hohenbaden.de
07/02/05,Stamm,"Karlsruhe, von Galen",dpsg-konrad.de
07/02/06,Stamm,"Karlsruhe-Neureut, Antoine de Saint Exupery",pfadfinder-neureut.de
07/02/10,Stamm,"Karlsruhe-Daxlanden, Guy de Larigaudie",pfadfinder-daxlanden.de
07/03/00,Bezirk,"Bezirk Ortenau-Kinzigtal",-
07/03/03,Stamm,"Offenburg, Konradin",stamm-konradin.de
07/03/04,Stamm,"Urloffen, St. Martin",dpsg-urloffen.de
07/03/06,Stamm,"Bühl, St. Peter und Paul",-
07/03/09,Stamm,"Offenburg, Albert Schweitzer",-
07/03/11,Stamm,"Willstätt, Merlin",stamm-merlin.de
07/03/12,Stamm,"Sasbachwalden, Lupus",-
07/03/13,Stamm,"Rheinmünster",dpsg-rheinmuenster.de
07/05/00,Bezirk,"Bezirk Wiesental-Hochrhein",-
07/05/01,Stamm,"Wehr, St. Bernhard",dpsg-wehr.de
07/05/03,Stamm,"Lörrach-Stetten, St. Fridolin",dpsg-stetten.de
07/05/04,Stamm,"Weil am Rhein, St. Sebastian",dpsg-weil.de
07/05/06,Stamm,"Lörrach-Brombach, St. Josef",dpsg-brombach.de
07/05/08,Stamm,"Dogern, St. Clemens",dpsgdogern.de
07/05/09,Stamm,"Kandern, Sankt Katharina",-
07/05/12,Stamm,"St. Michael Grenzach-Wyhlen",-
07/06/00,Bezirk,"Bezirk Hohenzollern",dpsg-hohenzollern.de
07/06/01,Stamm,"Sigmaringen, St. Fidelis",dpsg-sigmaringen.de
07/06/02,Stamm,"Rosenfeld-H-Zimmern, Adenauer",-
07/06/03,Stamm,"Hechingen, St. Martin",dpsg-hechingen.de
07/06/04,Stamm,"Fischingen, Dom H. Camara",-
07/06/05,Stamm,"Bingen, Martin-Luther-King",dpsg-bingen.de
07/06/06,Stamm,"Melchingen",dpsg-melchingen.de
07/06/07,Stamm,"Pfullendorf, St. Jakobus",dpsg-pfullendorf.de
07/06/08,Stamm,"Haigerloch, Leonardo da Vinci",pfadis-haigerloch.de
07/06/09,Stamm,"Ostrachtal, Rainbow",-
07/06/10,Stamm,"DPSG Salmendingen",dpsg-salmendingen.de
07/07/00,Bezirk,"Bezirk Bodensee",dpsg-bodensee.de
07/07/01,Stamm,"Singen, St. Pankratius",dpsg-singen.de
07/07/02,Stamm,"Überlingen, Paul VI.",dpsg-ueberlingen.de
07/07/03,Stamm,"Mühlhausen-Ehingen, Peter und Paul",-
07/07/08,Stamm,"Steißlingen, St. Remigius",dpsg-steisslingen.de
07/07/09,Stamm,"Radolfzell, Impeesa",dpsg-radolfzell.de
07/07/10,Stamm,"Daisendorf, St. Martin",dpsg-daisendorf.de
07/07/12,Stamm,"Hilzingen, Alfred Delp",dpsg-hilzingen.de
07/07/13,Stamm,"Konstanz, Bruder Klaus",pfadfinder-konstanz.de
07/07/14,Stamm,"Markdorf, St. Nikolaus",dpsg-markdorf.de
07/08/00,Bezirk,"Bezirk Baar",-
07/08/01,Stamm,"Bad Dürrheim, Johanniter",dpsg-bad-duerrheim.de
07/08/02,Stamm,"Villingen, Ulrich v. Augs.",dpsg-villingen.de
07/08/04,Stamm,"Villingen-Schwenningen; Der Wolf, der nie schläft",-
07/08/05,Stamm,"Hattingen/Baden., Maximilian Kolbe",-
07/09/00,Bezirk,"Bezirk Kurpfalz",dpsg-kurpfalz.de
07/09/01,Stamm,"Sinsheim-Rohrbach/Reihen, Dom Helder Camara",dpsg-rohrbach.de
07/09/02,Stamm,"Nussloch, St. Laurentius",dpsg-nussloch.de
07/09/03,Stamm,"Plankstadt, St. Nikolaus",dpsg-plankstadt.de
07/09/04,Stamm,"Sandhausen, Dreifaltigkeit",dpsg-sandhausen.de
07/09/05,Stamm,"Heidelberg-Kirchheim, St. Peter",dpsg-heidelberg-kirchheim.de
07/09/06,Stamm,"Heidelberg-Wiebl., St. Bartholom.",-
07/09/07,Stamm,"Neckarsteinach, St. Stephan",dpsg-neckarsteinach.de
07/09/08,Stamm,"Heidelberg, St. Bonifatius",dpsg-bonifatius.de
07/09/09,Stamm,"Ketsch, Don Bosco",dpsg-ketsch.de
07/09/11,Stamm,"Angelbachtal, Mahatma Gandhi",pfadfinder-angelbachtal.de
07/09/12,Stamm,"Bammental, Karl Leisner",pfadfinder-bammental.de
07/09/13,Stamm,"Stamm Sr. Felicitas Heidelberg-Ziegelhausen",pfadfinder-ziegelhausen.de
07/10/00,Bezirk,"Bezirk Bruchsal",dpsg-bezirk-bruchsal.de
07/10/01,Siedlung,"Walzbachtal",dpsg-wpt.de
07/10/02,Stamm,"Oberhausen, Hohe Flamme",hohe-flamme.de
07/10/03,Stamm,"Bad Schönborn-Langenbrücken",dpsg-langenbruecken.de
07/10/04,Stamm,"Stutensee, Pater Kolbe",pfadfinder-blankenloch.de
07/10/05,Stamm,"Waghäusel-Wiesental, St. Jodokus",pfadfinder-wiesental.de
07/10/06,Stamm,"DPSG Stamm Rheinsheim",-
07/10/07,Stamm,"Bretten, Askola",dpsgbretten.de
07/10/08,Stamm,"Bruchsal, St. Christophorus",dpsg-bruchsal.de
07/11/00,Bezirk,"Bezirk Pforzheim",dpsg-pforzheim.de
07/11/02,Stamm,"Pforzheim, Arnulf",-
07/11/04,Siedlung,"Remchingen, Eisingen",-
07/11/05,Stamm,"Pforzheim, St. Franziskus",dpsg-pforzheim.de
07/13/00,Bezirk,"Bezirk Odenwald-Tauber",dpsg-odenwald-tauber.de
07/13/02,Stamm,"Mosbach, Bernhard von Baden",dpsg-mosbach.de
07/13/03,Stamm,"Don Bosco, Neckarelz-Diedesheim",dpsg-neckarelz-diedesheim.de
07/13/05,Stamm,"Adelsheim, Stephanus",-
07/13/06,Stamm,"Haßmersheim, St. Benedikt",dpsg-hassmersheim.de
07/13/08,Stamm,"Mosbach-Waldstadt, Maximilian Kolbe",dpsg-mosbach-waldstadt.de
07/14/00,Bezirk,"Bezirk Emmendingen",bezirk-emmendingen.de
07/14/01,Stamm,"Emmendingen, Markgraf Bernhard von Baden",dpsg-em1.de
07/14/02,Stamm,"Waldkirch, Konrad von Schwarzenberg",dpsg-waldkirch.de
07/14/03,Stamm,"Gutach, St. Michael",-
07/14/04,Stamm,"Emmendingen, Petter Moen",-
07/14/05,Stamm,"Endingen, St. Franziskus",pfadfinder-endingen.org
07/14/06,Stamm,"Glottertal",-
07/15/00,Bezirk,"Bezirk Breisgau",bezirk-breisgau.de
07/15/01,Stamm,"Freiburg-Littenweiler, Berthold II. von Zähringen",pfadfinder-littenweiler.de
07/15/02,Stamm,"Freiburg, Tilly",dpsg-tilly.de
07/15/03,Stamm,"Gundelfingen, Rochus Spiecker",dpsg-gundelfingen.de
07/15/06,Stamm,"Freiburg-Mitte, Guy de Larigaudie",pfadfinder-freiburg.de
07/15/07,Stamm,"Freiburg-Weing., Albino Luciani",albino-luciani.de
07/15/08,Stamm,"Kirchzarten, St. Exupery",pfadfinder-kirchzarten.de
07/15/09,Stamm,"Freiburg-Opfingen, St. Nikolaus",pfadfinder-opfingen.de
07/15/13,Stamm,"Freiburg, St. Albert",pfadfinder-stalbert.de
07/15/14,Stamm,"Breisach, Graf Bernadotte",dpsg-breisach.de
07/15/15,Stamm,"Bad Krozingen, David",badkrozingenpfadfinder.de
07/15/16,Stamm,"Staufen, St. Martin",staufen-pfadfinder.de
07/15/18,Stamm,"Freiburg-Vauban, Kassiopeia",pfadfinder-vauban.de
07/15/19,Stamm,"Freiburg-St. Georgen, Betty Clay",-
07/15/20,Stamm,"Fridtjof Nansen, Titisee-Neustadt",pfadfinder-titisee-neustadt.de
08/00/00,Diözese,"Diözesanverband Fulda",dpsg-fulda.de
08/11/02,Stamm,"Kassel-Vellmar, Folke Bernadotte",dpsg-vellmar.de
08/11/03,Stamm,"Hünfeld, St. Jakobus",dpsg-huenfeld.de
08/11/04,Stamm,"Marburg, St. Michael",dpsg-marburg.de
08/11/05,Stamm,"Witzenhausen, Witta",dpsg-witzenhausen.de
08/11/06,Stamm,"Fulda-Neuenberg, St. Andreas",dpsg-neuenberg.de
08/11/09,Stamm,"Melsungen, Mariä Himmelfahrt",-
08/11/14,Stamm,"Fulda-Johannesberg, Mirjam",-
08/11/19,Siedlung,"Kaufungen",dpsg-kaufungen.de
08/14/01,Stamm,"Bad Orb, St. Martin",pfadfinder-bad-orb.de
08/14/03,Stamm,"Bad Soden-Salmünster-Ahl, Hl. Kreuz",-
08/14/04,Stamm,"Stamm Shalom Bruchköbel",dpsg-shalom.de
08/14/06,Stamm,"Maintal, Südwind",dpsg-suedwind.de
08/14/07,Stamm,"Grossauheim, St. Paul",pfadfinder-grossauheim.de
08/14/08,Stamm,"Nidderau-Windecken, Wartbaum",wartbaum.de
08/14/09,Stamm,"Rodenbach, Barbarossa",dpsg-rodenbach.de
08/14/10,Stamm,"Wächtersbach, St. Bonifatius",stamm-bonifatius.de
08/14/12,Stamm,"Biebergemünd-Wirtheim, St. Jakobus",pfadfinder-wirtheim.de
08/14/13,Stamm,"Niederdorfelden",dpsg-niederdorfelden.de
09/00/00,Diözese,"Diözesanverband Hildesheim",dpsg-hildesheim.de
09/01/00,Bezirk,"Bezirk Ludwig",-
09/01/01,Stamm,"Harsum, St. Caecilia",-
09/01/02,Stamm,"Elze, St. Petrus",-
09/01/04,Stamm,"Hildesheim-Drispenst., Impeesa",-
09/01/05,Stamm,"Diekholzen, St. Jakobus",dpsg-diekholzen.de
09/01/06,Stamm,"Peine, Giovanni Don Bosco",dpsg-peine.org
09/01/09,Stamm,"Emmerke, St. Martinus",-
09/02/00,Bezirk,"Bezirk Harz",-
09/02/01,Stamm,"Duderstadt, St. Cyriakus",dpsg-duderstadt.de
09/02/04,Stamm,"Seesen-Harz, Maria Königin",-
09/02/05,Stamm,"Herzberg, Sankt Josef",dpsg-herzberg.com
09/02/06,Stamm,"Göttingen",dpsg-goettingen.de
09/02/07,Stamm,"Northeim, St. Marien",dpsg-nom.de
09/02/08,Stamm,"Gieboldehausen, St. Laurentius",dpsg-gieboldehausen.de
09/03/00,Bezirk,"Bezirk Elm",-
09/03/02,Stamm,"Celle, St. Ludwig",dpsg-celle.org
09/03/04,Stamm,"Helmstedt, St. Ludgeri",dpsg-helmstedt.de
09/03/09,Stamm,"Wendeburg-Vechelde, Pastor Theo Derks",-
09/03/10,Stamm,"Braunschweig, Martin Luther King",mlk-bs.de
09/03/11,Stamm,"Gifhorn, Fred Joseph",dpsg-gifhorn.de
09/03/13,Stamm,"Veltheim, Hl. Kreuz",dpsg-veltheim.de
09/03/15,Stamm,"Braunschweig, St. Martin",-
09.04.2000,Bezirk,"Bezirk Nord",-
09/04/05,Stamm,"Seevetal-Hittfeld, Thomas Morus",dpsg-seevetal.de
09/04/15,Stamm,"Bremen, Nordlicht",dpsg-bremen.de
09/04/16,Stamm,"Buchholz, St. Petrus, Hallimasch",dpsg-hallimasch.de
09/04/18,Stamm,"Lilienthal bei Bremen, Franziskus",dpsg-lilienthal.de
09/04/19,Siedlung,"St. Paulus, Oyten",-
09/04/20,Siedlung,"Lüneburg",dpsg-lueneburg.de
09/05/00,Bezirk,"Bezirk Hannover",-
09/05/03,Stamm,"Hameln, St. Franziskus",dpsg-hameln.de
09/05/05,Stamm,"Wunstorf, St. Bonifatius",dpsg-wunstorf.de
09/05/07,Stamm,"Wedemark, Arche Noah",dpsg-wedemark.de
09/05/08,Stamm,"Neustadt, St. Peter & Paul",dpsg-neustadt.de
09/05/10,Stamm,"Hannover-Kirchrode, Hl. Engel",dpsg-hannover.de
09/05/11,Stamm,"Lehrte, Maximilian Kolbe",dpsg-lehrte.de
09/05/15,Stamm,"Hannover-Mühlenberg, St. Maximilian Kolbe",pfadfinder-muehlenberg.de
10/00/00,Diözese,"Diözesanverband Köln",dpsg-koeln.de
10/01/00,Bezirk,"Bezirk Bergisch Land",dpsgbergischland.de
10/01/01,Stamm,"Solingen-Ohligs, von Berg",stamm-von-berg.de
10/01/02,Stamm,"Wuppertal, Gallier",stamm-gallier.de
10/01/03,Stamm,"Solingen-Weeg,Sugambrer",pfadfinder-weeg.de
10/01/04,Stamm,"Solingen, Gravenrode",-
10/01/05,Stamm,"Solingen-Wald, Silva",stamm-silva.de
10/01/06,Stamm,"Remscheid-Lennep",dpsg-lennep.de
10/01/08,Stamm,"Solingen-Löhdorf, Tenkterer",stamm-tenkterer.de
10/01/09,Stamm,"Solingen-Mangenberg, Gandalf",stammgandalf.de
10/03/00,Bezirk,"Bezirk Düsseldorf",dpsg-duesseldorf.de
10/03/01,Stamm,"Langenfeld, Castanea",stamm-castanea.de
10/03/02,Stamm,"Hochdahl, Franz v. Assisi",dpsg-hochdahl.de
10/03/03,Stamm,"Düsseldorf, Lörick",stammloerick.de
10/03/04,Stamm,"Düsseldorf-Gerresheim, Gerrich Margar",gerrich.de
10/03/06,Stamm,"Düsseldorf-Vennhausen",dpsg-vennhausen.de
10/03/07,Stamm,"Langenfeld-Richr., St. Martin",-
10/03/08,Stamm,"Düsseldorf-Bilk, Hohenstaufen",dpsg-hohenstaufen-bilk.de
10/03/12,Stamm,"Düsseldorf-Unterrath, St. Bruno",brunopfadis.de
10/03/16,Stamm,"Düsseldorf-Bilk, Winfried",stamm-winfried.de
10/03/19,Stamm,"Erkrath",dpsg-erkrath.de
10/04/00,Bezirk,"Bezirk Erft",dpsg-erft.de
10/04/01,Stamm,"Horrem, von Merode",dpsghorrem.de
10/04/02,Stamm,"Pulheim, Sankt Barbara",dpsg-pulheim.de
10/04/04,Stamm,"Brühl, Kurfürst",stamm-kurfuerst.de
10/04/05,Stamm,"Reuschenberg Elsdorf",dpsg-elsdorf.de
10/04/06,Stamm,"Königsdorf, Hildebold",dpsg-koenigsdorf.de
10/04/07,Stamm,"Pulheim-Brauweiler, Bernhard von Clairvaux",dpsg-brauweiler.de
10/04/08,Stamm,"Neubottenbroich, Glückauf",neubottenbroich.de
10/04/10,Stamm,"Sinnersdorf, Maximilian Kolbe",dpsg-sinnersdorf.de
10/04/12,Stamm,"Kerpen-Mödrath, St. Quirinus",dpsg-moedrath.de
10/04/13,Stamm,"Erftstadt-Liblar, St. Barbara, Las Casas",dpsg-liblar.de
10/04/16,Stamm,"Eisvögel",dpsg-kaster.de
10/05/00,Bezirk,"Bezirk Köln Linksrheinisch",dpsg-bezirk-koeln.de
10/05/01,Stamm,"Rochus Spiecker Brühl - Schwadorf",rochus-spiecker.de
10/05/03,Stamm,"Köln-Worringen, Gilwell",stamm-gilwell.de
10/05/04,Stamm,"Köln-Sülz, Edith Stein",pfadfinder-suelz.de
10/05/06,Stamm,"Köln-Kriel, Helder Camara",helder-camara.de
10/05/08,Stamm,"Stamm St. Walburga, Bornheim-Walberberg",dpsg-walberberg.de
10/05/09,Stamm,"Köln-Blumenberg, St. Katharina von Siena",-
10/05/10,Stamm,"Bornheim-Hersel+Widdig, St. Franziskus",-
10/05/11,Stamm,"DPSG Stamm Rumenthorp",pfadfinder-rondorf.com
10/05/12,Stamm,"Köln-Ehrenfeld, Helios",pfadfinder-ehrenfeld.de
10/05/13,Stamm,"Philipp Neri",dpsg-philippneri.de
10/05/18,Stamm,"Köln-Heimersdorf, St. Markus",stamm-st-markus.de
10/05/19,Stamm,"Köln-Junkersdorf / Müngersdorf, St.Pankr.",pfadfinder-junkersdorf.de
10/06/00,Bezirk,"Bezirk Rhein - Erft",-
10/06/02,Stamm,"Neuss, Malteser",-
10/06/03,Stamm,"Dormagen-Delrath, Greifen",stamm-greifen.de
10/06/04,Stamm,"Grevenbroich-Gustorf, Deutschritter",dpsg-gustorf.de
10/06/05,Siedlung,"Rommerskirchen",pfadfinder-rommerskirchen.de
10/06/06,Stamm,"Grevenbroich, St. Josef",dpsg-grevenbroich.de
10/06/09,Stamm,"Neuss-Weckhoven, Alfred Delp",dpsg-neuss.de
10/06/11,Siedlung,"Phönix Neuss-Süd",phoenix-dpsg-neuss.de
10/07/00,Bezirk,"Bezirk Niederberg",dpsg-niederberg.de
10/07/01,Stamm,"Ratingen - West, Kizito",dpsg-kizito.de
10/07/02,Stamm,"Velbert-Neviges, Hardenberg",dpsg-hardenberg.org
10/07/03,Stamm,"Heiligenhaus",pfadfinder-heiligenhaus.de
10/07/04,Stamm,"Mettmann",dpsg-mettmann.de
10/07/05,Stamm,"Wülfrath, Franken",dpsg-wuelfrath.de
10/07/06,Stamm,"Lintorf",dpsg-lintorf.de
10/07/07,Stamm,"Velbert, Johannes Bosco",stamm-johannes-bosco.de
10/07/10,Stamm,"Essen-Kettwig, Kattwiga",dpsg-kattwiga.de
10/09/00,Bezirk,"Bezirk Sieg",dpsg-sieg.de
10/09/01,Stamm,"Siegburg, St. Anno",dpsg-st-anno.de
10/09/02,Stamm,"Siegburg - Kaldauen, eXodus",dpsg-kaldauen.de
10/09/05,Stamm,"Lohmar, St. Johannes",dpsg-lohmar.de
10/09/06,Stamm,"Niederkassel, Roncalli",stamm-roncalli.de
10/09/12,Stamm,"St. Augustin-Menden",-
10/09/20,Stamm,"Lohmar, Ichtys-Neuhonrath",dpsgneuhonrath.de
10/09/21,Stamm,"Gummersbach, St. Felizitas",dpsg-gummersbach.de
10/10/00,Bezirk,"Bezirk Voreifel",-
10/10/01,Stamm,"Euskirchen, Kreuzritter",dpsg-eu.eu
10/10/03,Stamm,"Rheinbach, Antoine de Saint-Exupery",kallenturm.de
10/10/04,Stamm,"Meckenheim, Swabidua",swabidua.de
10/10/05,Stamm,"Euskirchen-Euenheim, 'Carpe diem'",pfadfinder-euenheim.de
10/10/07,Stamm,"Zülpich, St. Quirinus",-
10/10/08,Stamm,"Euskirchen-Stotzheim, St. Hubertus",dpsg-stotzheim.de
10/12/00,Bezirk,"Bezirk Bonn",dpsg-bonn.de
10/12/01,Stamm,"Bonn-Hardtberg, St.Rochus",duisdorf.dpsg-bonn.de
10/12/02,Stamm,"Bonn-Bad Godesb., Graf Galen",dpsg-badgodesberg.de
10/12/03,Stamm,"Bonn-Stadtmitte, Phönix",-
10/12/04,Stamm,"Bonn-Beuel, Sugambrer",stamm-sugambrer.de
10/13/00,Bezirk,"Bezirk Siebengebirge",dpsg-siebengebirge.de
10/13/01,Stamm,"Königswinter, Heisterbacherrott",
10/13/02,Stamm,"Sugambrer Hennef-Warth",sugambrer.de
10/13/03,Stamm,"Königswinter-Ittenbach, Idubag",dpsg-ittenbach.de
10/13/04,Stamm,"Ruppichterroth",-
10/13/05,Stamm,"Winterscheid",dpsg-winterscheid.de
10/13/06,Stamm,"Stamm Isenburg, Schürdt-Oberlahr",dpsg-isenburg.de
10/13/07,Stamm,"Rheinbreitbach, Terra Nova",-
10/13/08,Stamm,"Königswinter-Stieldorf, Romero",stamm-romero.de
10/13/09,Stamm,"Königswinter-Oberpleis",dpsgoberpleis.de
10/13/10,Stamm,"Neunk.-Seelscheid, Edelweiss",pfadfinder-seelscheid.de
10/13/13,Stamm,"Eitorf, Shamrock",dpsg-eitorf.de
10/13/15,Stamm,"Waldbröl, St. Georg",dpsg-waldbroel.de
10/14/00,Bezirk,"Rhein Berg",dpsg-rhein-berg.de
10/14/01,Stamm,"Köln-Rath/Heumar, Johannes Bosco",dpsg-rath-heumar.de
10/14/02,Stamm,"Köln-Porz",dpsg-impeesa-porz.de
10/14/03,Stamm,"Köln-Kalk, Hohenstaufen",dpsg-koeln-kalk.de
10/14/04,Stamm,"Köln-Brück, Ostgoten",dpsg-koeln-brueck.de
10/14/05,Stamm,"Köln-Neubrück, St. Adelheid",dpsg-neubrueck.de
10/14/06,Stamm,"Köln-Stammheim, Gilwell",stammgilwell.de
10/14/07,Stamm,"Köln-Ensen, St. Laurentius",pfadfinder-ensen.de
10/14/08,Stamm,"Bensberg, Ommerborn",dpsgbensberg.de
10/14/09,Stamm,"Bergisch Gladbach-Refr., Widukind",dpsg-refrath.de
10/14/10,Stamm,"Leverkusen-Steinbüchel, Woodstock",stamm-woodstock.de
10/14/11,Stamm,"Leverkusen-Schlebusch, Gezelin",stamm-gezelin.de
10/14/12,Stamm,"Höhenberg-Vingst, Elisodor",-
10/14/13,Stamm,"Leichlingen, Wippera, St. Johannes Baptist",wippera.org
10/14/14,Stamm,"Wipperfürth",dpsg-wipperfuerth.de
10/14/15,Siedlung,"Pfadfinden in Rösrath",pfadfinden-in-roesrath.de
11/00/00,Diözese,"Diözesanverband Limburg",dpsg-limburg.de
11/01/01,Stamm,"Frankfurt-Fechenheim, Normannen",-
11/01/02,Stamm,"Frankfurt Nord / Stamm Marcel Callo",dpsg-marcelcallo.de
11/01/03,Stamm,"Frankfurt-Rödelheim, Damian de Veuster",dpsg-roedelheim.de
11/01/04,Stamm,"Frankfurt, Oberrad",oberraeder-pfadfinder.de
11/01/05,Stamm,"Frankfurt-Heddernheim, Wikinger",dpsg-wikinger.de
11/01/06,Stamm,"Frankfurt-Unterliederbach, Cherusker",dpsg-cherusker.de
11/01/07,Stamm,"Frankfurt-Schwanheim, Don Bosco",schwanheimer-pfadfinder.de
11/01/08,Stamm,"Frankfurt-Niederrad, Ch. de Foucauld",dpsg-niederrad.de
11/01/09,Stamm,"St. Bonifatius",dpsg-stbonifatius.de
11/02/01,Stamm,"Wiesbaden-Schierstein, Thomas Morus",dpsg-schierstein.de
11/02/03,Stamm,"Normannen Eltville",dpsg-eltville.de
11/02/04,Stamm,"Wiesbaden, Mutter Teresa",dpsg-bierstadt.de
11/02/06,Stamm,"Idstein, St. Martin",dpsg-idstein.de
11/02/16,Stamm,"Aarbergen, Paloma",stammpaloma-aarbergen.de
11/03/01,Stamm,"Königstein",dpsg-koenigstein.de
11/03/02,Stamm,"Eschborn, Regenbogen",dpsg-eschborn.de
11/03/04,Stamm,"Hofheim, St. Bonifatius",dpsg-hofheim.de
11/03/06,Stamm,"Kelkheim, Johannes Bosco",dpsg-kelkheim.de
11/03/08,Stamm,"DPSG St. Franziskus Lorsbach-Langenhain",dpsg-lola.de
11/03/10,Stamm,"Schloßborn, Taunus-Wölfe",-
11/04/01,Stamm,"Montabaur",dpsg-montabaur.de
11/04/02,Stamm,"Stamm St. Rochus Simmern",dpsg-simmern.de
11/04/03,Stamm,"Lahnstein-Oberlahnstein, St. Martin",dpsg-lahnstein.de
11/04/06,Stamm,"Wirges, Katharina Kasper",dpsg-wirges.de
11/04/07,Stamm,"Eitelborn, Weiße Rose",dpsg-eitelborn.de
11/05/01,Stamm,"Weilburg, Rochus Spiecker",dpsg-weilburg.de
11/05/02,Stamm,"Lahntal (Dietkirchen + Dehrn)",-
11/05/03,Stamm,"Eisenbach",-
11/05/04,Stamm,"Wetzlar/Dom, Barbarossa",dpsg-wetzlar.de
11/05/05,Stamm,"Limburg-Dom",dpsg-limburgdom.de
11/05/06,Stamm,"Dornburg Westerw.-Frickhofen, St. Blasius",pfadfinder-frickhofen.de
11/05/08,Stamm,"Tilia Hollesse (Limburg-Lindenholzhausen)",dpsg-lhh.de
12/00/00,Diözese,"Diözesanverband Mainz",dpsg-mainz.de
12/01/00,Bezirk,"Bezirk Oberhessen",dpsg-oberhessen.de
12/01/01,Stamm,"Rosbach, St. Johannes",dpsg-rosbach.de
12/01/02,Stamm,"Friedberg, St. Leonhard",dpsg-fb.de
12/01/03,Stamm,"Lauterbach/Schlitz, St. Michael",dpsg-lauterbach-schlitz.de
12/01/04,Stamm,"Sankt Marien Großen-Buseck",-
12/01/05,Stamm,"Langgöns, St. Josef",dpsg-langgoens.de
12/01/06,Stamm,"Nidderau-Heldenbergen, Sankt Bonifatius",dpsg-nidderau.de
12/01/07,Stamm,"DPSG St. Andreas Altenstadt e.V.",pfadfinder-altenstadt.de
12/01/08,Stamm,"Gießen, Franz von Assisi",pfadfinder-giessen.de
12/02/00,Bezirk,"Bezirk Rhein-Main-Hessen",der-beste-bezirk.de
12/02/01,Stamm,"Rüsselsheim, Partner Erde",dpsg-ruesselsheim.de
12/02/03,Stamm,"Mainz-Gonsenheim, St. Stephan",dpsg-gonsenheim.de
12/02/05,Stamm,"Klein-Winternheim",
12/02/07,Stamm,"Ingelheim, Nikolaus von Flüe",dpsg-ingelheim.de
12/02/08,Stamm,"Schwabenheim, Greifenklau",stamm-greifenklau.de
12/02/09,Stamm,"Budenheim, Don Bosco",pfadfinder-budenheim.de
12/02/10,Stamm,"Mainz-Finthen, Bruder Franz",pfadfinther.de
12/02/11,Stamm,"Mainz, Don Greif",dongreif.de
12/02/15,Stamm,"Rödermark-Urberach, Gralsritter",pfadfinder-urberach.de
12/02/16,Stamm,"Dietzenbach, St. Martin",pfadfinder-dietzenbach.de
12/02/20,Stamm,"Wöllstein, St. Franziskus-Rheinhessische Schweiz",-
12/02/21,Siedlung,"Heidesheim",pfadfinder-heidesheim.de
12/03/00,Bezirk,"Bezirk Heldon",dpsg-heldon.de
12/03/01,Stamm,"Seeheim-Jugenheim, Bonifatius",dpsg-seeheim.de
12/03/03,Stamm,"Seeheim-Jugenheim, Ulrich von Münzenberg",dpsg-jugenheim.de
12/03/05,Stamm,"Breuberg-Höchst, Hl. Karl Borromäus",dpsg-odenwald.de
12/03/06,Stamm,"Darmstadt-Arheilgen, Arheilgen",dpsg-arheilgen.de
12/03/07,Stamm,"Dieburg",dpsg-dieburg.de
12/03/08,Stamm,"Gross-Zimmern, St. Bartholomäus",dpsg-gross-zimmern.de
12/03/11,Stamm,"Münster, St. Michael",pfadfinder-muenster.de
12/03/13,Stamm,"Michelstadt / Odenwald, St. Christophorus",dpsgmichelstadt.de
12/03/14,Stamm,"Weiterstadt, St. Johannes",dpsg-weiterstadt.de
12/03/15,Stamm,"Heppenheim, St. Peter",dpsg-heppenheim.de
12/03/17,Stamm,"Viernheim, Folke Bernadotte",pfadfinder-viernheim.de
12/03/18,Stamm,"Lorsch, St. Nazarius",pfadfinder-lorsch.de
12/03/19,Stamm,"Bürstadt, Bruder Feuer",dpsgbuerstadt.de
12/03/20,Stamm,"Lampertheim, Guy de Larigaudie",dpsglampertheim.de
12/03/23,Stamm,"Darmstadt, Liebfrauen",dpsg-darmstadt-liebfrauen.de
12/03/25,Stamm,"Einhausen",pfadfinder-einhausen.de
13/00/00,Diözese,"Diözesanverband München",dpsg1300.de
13/12/00,Bezirk,"Bezirk München-Isar",dpsg1312.de
13/12/02,Stamm,"München-Giesing, Hl. Engel",heiligengel.de
13/12/03,Stamm,"Garching, St. Severin",severin-garching.de
13/12/04,Stamm,"Stamm Mariahilf",pfadfindermariahilf.de
13/12/06,Stamm,"München-Schwabing, Pater Rupert Mayer",stamm-prm.de
13/12/07,Stamm,"Maximilian Kolbe",maxkolbe.de
13/12/08,Stamm,"München-Solln, St. Ansgar",sanktansgar.de
13/12/09,Stamm,"München-Olympiadorf, Frieden Christi",pfadi-fc.de
13/12/10,Stamm,"Pfadfinderstamm Swapingo",swapingo.de
13/12/12,Stamm,"München-Lehel, St. Anna",-
13/12/13,Stamm,"München-Grosshadern, St. Canisius",scoutingcanisius.de
13/12/14,Siedlung,"München Hl. Kreuz - Forstenried",pfadfinder-hlkreuz.de
13/13/00,Bezirk,"Bezirk München - Ost",dpsg1313.de
13/13/02,Stamm,"Ottobrunn",dpsgottobrunn.de
13/13/04,Stamm,"Camilo Torres, Hohenbrunn",camilo.de
13/13/05,Stamm,"München-Riem, Galileo Galilei",dpsg-riem.de
13/13/06,Stamm,"Unterhaching, St. Birgitta",dpsg-u1.org
13/13/07,Stamm,"Neukeferloh, Columbus",stamm-columbus.de
13/13/08,Stamm,"München-Waldtrudering, Condor",dpsg-condor.de
13/13/09,Stamm,"Putzbrunn, Arche Noah",dpsg-putzbrunn.de
13/13/12,Stamm,"München-Perlach, St. Michael",dpsg-perlach.de
13/14/00,Bezirk,"Bezirk Würm - Amper",wuerm-amper.de
13/14/01,Stamm,"Olching, St. Peter und Paul",pfadfinder-olching.de
13/14/03,Stamm,"München-Pas., St. Hildeg./M.Schutz",-
13/14/04,Stamm,"Germering, Parsberg",parsbergstamm.de
13/14/05,Stamm,"Gröbenzell, St. Johann Baptist",dpsg-gzell.de
13/14/06,Stamm,"Puchheim, Bison",pfadfinderpuchheim.de
13/14/08,Stamm,"Karlsfeld, Anjo II",dpsg-karlsfeld.de
13/14/09,Stamm,"München-Neuhadern, Oscar A. Romero",oaromero.de
13/14/13,Stamm,"München-Laim, St. Willibald",williscouts.de
13/14/14,Stamm,"München-Westend, St. Rupert",rupert-scouts.de
13/15/00,Bezirk,"Bezirk Freising",-
13/15/01,Stamm,"Freising, St. Georg",dpsg-freising.de
13/15/03,Stamm,"Moosburg, St. Kastulus",-
13/15/06,Stamm,"Langenbach, Wolfsspur",dpsg-langenbach.de
13/16/00,Bezirk,"Bezirk Ruperti - Mühldorf",dpsg1316.de
13/16/01,Stamm,"Freilassing, St. Rupert",pfadfinder-freilassing.de
13/16/02,Stamm,"Mühldorf, Tilly",dpsg-muehldorf.de
13/16/04,Stamm,"Mitterfelden, Christopherus",pfadfinder-mitterfelden.de
13/16/05,Stamm,"Laufen, Mariä Himmelfahrt",dpsg-laufen.de
13/16/06,Stamm,"Don Bosco Polling",dpsg-polling.de
13/16/08,Stamm,"Surberg",-
13/16/11,Siedlung,"Steinadler Talkessel Berchtesgaden",pfadfinder-bgd.de
13/17/00,Bezirk,"Bezirk Ebersberg",dpsg-ebersberg.de
13/17/01,Stamm,"Rott am Inn, Marinus",pfadfinder-rott.de
13/17/03,Stamm,"Kirchseeon, St. Joseph",dpsg-kirchseeon.de
13/17/05,Stamm,"Anzing/Poing, Windrose",dpsg-windrose.de
13/17/08,Stamm,"Grafing, St. Sebastian",dpsg-grafing.de
13/17/09,Stamm,"Hohenlinden, Impeesa",dpsg-hohenlinden.de
13/19/00,Bezirk,"Bezirk Rosenheim",dpsg-rosenheim.de
13/19/01,Stamm,"Kiefersfelden, Adler",pfadfinderstamm-adler-kiefersfelden.de
13/19/02,Stamm,"Prutting",-
13/19/03,Stamm,"Rosenheim, St. Michael",scouting-rosenheim.de
13/19/04,Stamm,"Mountain Scouts Aschau",dpsg-aschau.de
13/19/06,Stamm,"Degerndorf / Brannenburg, Christkönig",dpsg-degerndorf.de
13/19/08,Stamm,"Rosenheim-Oberwöhr, St. Josef d. Arbeiter",pfadfinder-oberwoehr.de
13/19/10,Stamm,"Bad Aibling, St. Franziskus",dpsg-aibling.de
13/19/11,Stamm,"Kolbermoor, St. Franziskus",dpsgkolbermoor.de
13/19/12,Stamm,"Feldkirchen-Westerh., Phoenix",stamm-phoenix.de
13/19/13,Stamm,"Grosskarolinenfeld, Christophorus",pfadfinder-grosskarolinenfeld.de
13/19/15,Stamm,"St. Quirinus Fürstätt",pfadfinder-fuerstaett.de
13/20/00,Bezirk,"Bezirk Oberland",bezirk-oberland.de
13/20/01,Stamm,"Holzkirchen, St. Laurentius",pfadfinder-holzkirchen.de
13/20/03,Stamm,"Baierbrunn, Ägypten",dpsg-aegypten.de
13/20/05,Stamm,"St. Sixtus Schliersee",dpsg-schliersee.de
13/20/06,Stamm,"Iffeldorf/Seeshaupt, St. Vitus",-
13/20/08,Stamm,"Benediktbeuern, Dominikus Savio",dpsg-benediktbeuern.de
13/20/10,Stamm,"Bad Tölz, Eisvogel",dpsg-toelz.de
14/00/00,Diözese,"Diözesanverband Münster",dpsg-muenster.de
14/01/00,Bezirk,"Bezirk Niederrhein-Nord",dpsg-bezirk-nn.de
14/01/01,Stamm,"Xanten, St. Viktor",dpsg-xanten.de
14/01/03,Stamm,"Emmerich, Janusz Korczak",dpsg-emmerich.de
14/01/04,Stamm,"DPSG St. Augustinus Gaesdonck",dpsg-gaesdonck.de
14/01/06,Stamm,"Kleve-Materborn, St. Georg",dpsg-materborn.de
14/01/07,Stamm,"Schermbeck, St. Ludgerus",dpsg-schermbeck.de
14/01/08,Stamm,"Alpen, St. Ulrich",pfadfinder-alpen.de
14/01/09,Stamm,"Sonsbeck, St.Maria Magdalena",dpsg-sonsbeck.de
14/01/11,Stamm,"Wesel-Feldmark, Herz Jesu",dpsg-feldmark.de
14/01/12,Stamm,"Wesel-Flüren",dpsg-wesel-flueren.de
14/01/13,Stamm,"Wesel, z. d. Hl. Engeln",dpsg-fusternberg.de
14/01/15,Stamm,"Kalkar, St. Benedikt",-
14/01/16,Stamm,"Geldern-Hartefeld",dpsg-hartefeld.de
14/01/17,Stamm,"Weeze, St. Cyriakus",dpsg-weeze.de
14/01/18,Stamm,"Hamminkeln, St. Maria Himmelfahrt",-
14/01/20,Stamm,"Geldern-Veert, St. Martin",dpsg-veert.de
14/01/21,Stamm,"Geldern, St. Maria Magdalena",dpsggeldern.de
14/01/22,Stamm,"Hamminkeln, Wertherbruch",-
14/01/23,Stamm,"Uedem",dpsg-uedem.de
14/01/25,Stamm,"Geldern-Kapellen",dpsg-kapellen.de
14/01/27,Stamm,"Rheurdt, St. Nikolaus",dpsg-rheurdt.de
14/01/30,Stamm,"Goch, Edelweiß",pfadfinder-edelweiss.com
14/02/00,Bezirk,"Bezirk Oldenburg",dpsg-bezirk-oldenburg.de
14/02/01,Stamm,"Vechta, Füchtel",dpsg-füchtel.de
14/02/02,Stamm,"Vechta, St. Georg",dpsg-vechta.de
14/02/04,Stamm,"Steinfeld, v. Schagen",dpsg-steinfeld.de
14/02/05,Stamm,"Dinklage, von Galen",pfadfinderdinklage.com
14/02/06,Stamm,"Wilhelmshaven, Christus König",dpsg-wilhelmshaven.de
14/02/07,Stamm,"Lohne, St. Gertrud",dpsg-lohne.de
14/02/08,Stamm,"Damme, Benedikt",-
14/02/11,Stamm,"Oldenburg, Widukind",dpsg-widukind-ol.de
14/02/12,Stamm,"Varel, Stella Maris",dpsg-varel.de
14/02/13,Stamm,"Goldenstedt-Ellenstedt, St. Heinrich",-
14/02/16,Stamm,"Barssel, St. Franziskus",-
14/02/17,Stamm,"Bakum, St. Johannes",-
14/02/18,Stamm,"Lindern, Philipp Neri",dpsg-lindern.de
14/03/00,Bezirk,"Bezirk Borken",dpsg-borken.de
14/03/01,Stamm,"Rhede",dpsg-rhede.de
14/03/02,Stamm,"Bocholt, St. Josef",-
14/03/04,Stamm,"Bocholt, St. Norbert",norbert-pfadis.de
14/03/05,Stamm,"Bocholt, Hl. Kreuz",pfadfinder-heilig-kreuz.de
14/03/06,Stamm,"Borken, St. Remigius",-
14/03/07,Stamm,"Epe, St. Antonius",-
14/03/09,Stamm,"Velen-Ramsdorf",-
14/03/10,Stamm,"Isselburg",schwarzzeug.net
14/03/11,Stamm,"Ahaus, St. Marien",dpsg-ahaus.de
14/03/13,Stamm,"Stadtlohn",-
14/03/16,Stamm,"Schöppingen",dpsg-schoeppingen.de
14/03/24,Stamm,"Gescher, St. Pankratius",dpsg-gescher.de
14/04/00,Bezirk,"Bezirk Recklinghausen",dpsg-recklinghausen.de
14/04/01,Stamm,"Marl-Sinsen, Vasco da Gama",dpsgmarl-sinsen.de
14/04/02,Stamm,"DPSG Hillerheide",dpsg-hillerheide.de
14/04/05,Stamm,"Dorsten, St. Johannes",-
14/04/06,Stamm,"Recklinghausen, Liebfrauen-Ost",dpsg-re-liebfrauen-ost.de
14/04/09,Stamm,"DPSG St. Agatha Dorsten",-
14/04/11,Stamm,"Recklinghausen-Nord, St. Elisabeth",re-nord.de
14/04/12,Stamm,"Marl- Lenkerbeck, St. Marien",-
14/04/16,Stamm,"Marl-Sickingmühle, Christ König",dpsg-marl-sickingmuehle.de
14/04/17,Stamm,"Recklinghausen-Hochlar",dpsg-hochlar.de
14/04/18,Stamm,"Oer-Erkenschwick",dpsg-o-e.de
14/04/19,Stamm,"Dorsten-Wulfen-Barkenberg, St. Barbara",-
14/04/20,Stamm,"Bottrop-Grafenwald, Hl. Familie",pfadfinder-grafenwald.de
14/04/21,Stamm,"Dorsten, St. Bonifatius",dpsg-st-bonifatius.de
14/04/22,Stamm,"Waltrop",pfadfinder-waltrop.de
14/04/23,Siedlung,"Haltern am See",dpsg-haltern.de
14/05/00,Bezirk,"Bezirk Steinfurt",dpsg-steinfurt.de
14/05/02,Stamm,"Saerbeck, St. Georg",dpsg-saerbeck.de
14/05/03,Stamm,"Emsdetten, St. Pankratius",-
14/05/04,Stamm,"Burgsteinfurt, St.Johannes Nepomuk",dpsg-burgsteinfurt.de
14/05/06,Stamm,"Nordwalde, St. Dionysius",dpsg-nordwalde.de
14/05/07,Stamm,"Wettringen, St. Petronilla",pfadfinder-wettringen.de
14/05/09,Stamm,"Mettingen, TüöttenStamm",dpsg-mettingen.de
14/05/10,Stamm,"Greven, St. Josef",dpsg-greven.de
14/05/14,Stamm,"Stamm Ladbergen",-
14/05/16,Stamm,"Tecklenburg, St. Michael",dpsg-tecklenburg.de
14/05/17,Stamm,"Greven-Reckenfeld",-
14/06/00,Bezirk,"Bezirk Warendorf",-
14/06/03,Stamm,"Ostbevern, St. Ambrosius",dpsg-ostbevern.de
14/06/04,Stamm,"Drensteinfurt",dpsg-drensteinfurt.de
14/06/05,Stamm,"Warendorf",dpsg-waf.de
14/06/08,Stamm,"Ahlen/Westf.",dpsg-ahlen.de
14/06/09,Stamm,"Oelde, Der kleine Bach",dpsg-oelde.de
14/06/10,Stamm,"Beckum, St. Stephanus",dpsg-beckum.de
14/06/11,Stamm,"Ennigerloh, Enniger",dpsg-enniger.de
14/06/13,Stamm,"Drensteinfurt-Rinkerode, St. Pankratius",-
14/06/14,Stamm,"Hamm-Bockum-Hövel, Impeesa-HeiligGeist",stamm-impeesa.de
14/06/15,Stamm,"Sendenhorst, St. Martinus",pfadfinder-sendenhorst.de
14/07/00,Bezirk,"Bezirk Münster",bezirk-muenster.de
14/07/01,Stamm,"Münster-Gievenbeck, St. Michael",dpsg-gievenbeck.de
14/07/02,Stamm,"Münster-Handorf, St. Petronilla",dpsg-handorf.de
14/07/03,Stamm,"DPSG St. Liutger",kreuz-pfadfinder.de
14/07/04,Stamm,"Münster-Wolbeck, Don Bosco",donboscowolbeck.de
14/07/06,Stamm,"Münster, Gremmendorf",dpsg-stamm-gremmendorf.de
14/07/07,Stamm,"Münster-Hiltrup, Rochus Spiecker",dpsg-hiltrup.de
14/07/09,Stamm,"St. Anna Mecklenbeck Albachten Roxel Aaseestadt, Münster",dpsg-st-anna.de
14/07/12,Stamm,"Münster, St. Franziskus",dpsg-sfm.de
14/07/17,Stamm,"Herz-Jesu Münster",dpsg-herz-jesu-muenster.de
14/08/00,Bezirk,"Bezirk Niederrhein-Süd",bezirk-nrs.de
14/08/01,Stamm,"Moers-Wesel, St. Josef",dpsg-moers.de
14/08/04,Stamm,"Duisburg-Homberg, Hochheide",
14/08/06,Stamm,"Duisburg-Rheinhausen, Christus König",dpsg-ck.de
14/08/07,Stamm,"Dinslaken, St. Vincentius",dpsg-din.de
14/08/11,Stamm,"Duisburg, St. Ludger",-
14/08/12,Stamm,"Friedrichsfeld, St. Elisabeth",-
14/08/13,Stamm,"Rheinberg, St. Anna, Phönix",phoeniximweb.de
14/08/14,Stamm,"Kamp-Lintfort, St. Marien",-
14/08/15,Stamm,"Voerde-Spellen, Sankt Peter Spellen",-
14/09/00,Bezirk,"Bezirk Coesfeld",dpsg-bezirk-coesfeld.de
14/09/01,Stamm,"Dülmen, Heilig Kreuz",dpsg-duelmen.de
14/09/02,Stamm,"Nordkirchen",dpsg-nordkirchen.de
14/09/03,Stamm,"Lüdinghausen",dpsg-lh.de
14/09/04,Stamm,"Lette, St. Johannes",dpsg-pfadfinder-lette.de
14/09/05,Stamm,"Nottuln, St. Martin",dpsg-nottuln.de
14/09/08,Stamm,"Selm, St. Josef",pfadfinder-selm.de
14/09/10,Stamm,"Senden",dpsg-senden.de
14/09/11,Stamm,"Olfen, St. Vitus",dpsg-olfen.org
14/09/13,Stamm,"Coesfeld",dpsg-coesfeld.de
15/00/00,Diözese,"Diözesanverband Osnabrück",dpsg-os.de
15/00/01,Stamm,"Pfadwind",pfadwind.de
15/00/02,Siedlung,"Borkum, Nordlichter",-
15/01/02,Stamm,"Haren, Nordlicht Altharen",dpsg-altharen.de
15/01/04,Stamm,"Papenburg",-
15/01/13,Stamm,"Haselünne-Lehrte, St. Vincentius",dpsg-haseluenne.de
15/01/15,Stamm,"Haren, Franziskus",pfadfinder-haren.de
15/01/23,Stamm,"Nordhorn, St. Marien",dpsg-nordhorn.de
15/04/01,Stamm,"Melle-Gesmold, Horizonte",-
15/04/02,Stamm,"Osnabrück, Rosenkranz",-
15/04/04,Stamm,"Holzhausen-Ohrbeck",dpsg-holzhausen.de
15/04/07,Stamm,"Oesede, Hl. Geist",dpsg-oesede.de
15/04/09,Stamm,"Wallenhorst, St. Alexander",wapfi.online
15/04/10,Stamm,"Neuenkirchen, St. Laurentius",-
15/04/22,Stamm,"Stamm Maximilian Kolbe Rulle",pfadfinderrulle.de
16/00/00,Diözese,"Diözesanverband Paderborn",dpsg-paderborn.de
16/01/00,Bezirk,"Bezirk Dortmund",dpsg-dortmund.de
16/01/01,Stamm,"Dortmund-Mitte, St. Franziskus",dpsg-do-mitte.de
16/01/02,Stamm,"Dortmund-Husen",dpsg-husen.de
16/01/03,Stamm,"Dortmund-Wambel, St. Meinolfus",dpsg-wambel.de
16/01/04,Stamm,"DPSG St. Remigius Dortmund-Mengede",dpsg-mengede.de
16/01/06,Stamm,"Dortmund-Lütgendortmund",dpsg-luetgendortmund.de
16/01/07,Stamm,"Dortmund-Soelde, St. Marien",dpsg-soelde.de
16/01/10,Stamm,"Dortmund-Huckarde, St. Urbanus",dpsg-huckarde.de
16/01/11,Stamm,"St. Liborius - Dortmund-Körne",dpsglibori.de
16/01/13,Stamm,"Dortmund-Hörde, Marcel Callo",dpsg-hoerde.de
16/01/14,Stamm,"Dortmund-Scharnhorst, St. Franziskus",dpsg-scharnhorst.de
16/01/15,Stamm,"DPSG Dortmund-Barop (FRAXA)",dpsg-barop.de
16/01/16,Stamm,"Dortmund-Kirchlinde, St. Josef",dpsg-kirchlinde.de
16/01/17,Stamm,"Dortmund-Aplerbeck, St. Ewaldi",dpsg-aplerbeck.de
16/01/18,Stamm,"DPSG Dortmund-Brünninghausen, Hl. Familie",dpsg-bruenninghausen.de
16/01/19,Stamm,"Dortmund-Lichtendorf/Sölderholz, Bonifaten 80",bonifaten80.de
16/01/21,Stamm,"Dortmund-Berghofen",dpsg-berghofen.de
16/01/23,Stamm,"Dortmund-Lanstrop, St. Michael",-
16/01/24,Stamm,"Castrop-Rauxel, St. Lambertus",dpsg-castrop.de
16/01/25,Stamm,"Herne, Amelungen",dpsg-amelungen.org
16/01/26,Stamm,"Herne-Eickel, Franziskus",dpsg-st-franziskus.de
16/02/00,Bezirk,"Bezirk Ruhr-Sauerland",ruhrsau.de
16/02/01,Stamm,"Goten Unna",dpsg-unna.de
16/02/02,Stamm,"Hohenlimburg",dpsg-hohenlimburg.de
16/02/03,Stamm,"Hagen-Boele, St. Joh. Baptist",stamm-boele.de
16/02/04,Stamm,"Schwerte-Ost, St. Marien",dpsg-schwerte.de
16/02/06,Stamm,"Hagen, St. Elisabeth",dpsg-hagen.de
16/02/07,Stamm,"Wittener Löwen",wittener-pfadfinder.de
16/02/08,Stamm,"DPSG St. Urban Ende-Syburg (Stamm)",dpsg-st-urban.de
16/02/11,Stamm,"Fröndenberg-Warmen",dpsg-froendenberg.de
16/02/14,Stamm,"Herdecke, Marcel Callo",dpsg-mch.de
16/02/16,Stamm,"Iserlohn-Nussberg, Arche",pfadfinder-nussberg.de
16/02/18,Stamm,"Witten-Bommern, Herz Jesu",dpsg-bommern.de
16/03/00,Bezirk,"Bezirk Soest-Hamm",dpsg-soest-hamm.de
16/03/01,Stamm,"Bad-Westernk., Franz v. Assisi",dpsg-badwesternkotten.de
16/03/02,Stamm,"Möhnesee-Körbecke, St. Pankratius",-
16/03/03,Stamm,"Geseke, Marco Polo",dpsg-geseke.de
16/03/04,Stamm,"Hamm-Süden",dpsg-hamm-sueden.de
16/03/05,Stamm,"Lippstadt, Phönix",dpsgphoenixlippstadt.de
16/03/06,Stamm,"Hamm-Norden",-
16/03/07,Stamm,"Soest",dpsg-soest.de
16/03/08,Stamm,"Lippetal, Lippborg",dpsglippborg.de
16/03/11,Stamm,"Warstein, St. Petrus",dpsg-warstein.de
16/03/12,Stamm,"Graf-Folke-Bernadotte Rüthen",dpsg-ruethen.de
16/03/13,Stamm,"Warstein-Belecke, St. Pankratius",-
16/03/14,Stamm,"Heessen-Dasbeck, Don Bosco",stamm-don-bosco.de
16/03/15,Stamm,"Welver, Maximilian Kolbe",dpsg-welver.de
16/03/18,Stamm,"Hamm-Berge",dpsg-hamm-berge.de
16/03/19,Stamm,"Lippetal, Oestinghausen",-
16/03/21,Stamm,"Lippstadt, Albatros Cappel",pfadfinder-albatros-cappel.de
16/04/00,Bezirk,"Bezirk Hochsauerland",dpsg-hochsauerland.de
16/04/02,Stamm,"Neheim, St. Christopher",pfadfinder-neheim.de
16/04/03,Stamm,"Arnsberg-Hüsten, Stamm Sankt Ludgerus",dpsg-huesten.de
16/04/04,Stamm,"Herdringen, St. Antonius",dpsg-herdringen.de
16/04/05,Stamm,"Eslohe-Wenholthausen, St. Cäcilia",dpsg-wenholthausen.de
16/04/06,Stamm,"Arnsberg, Liebfrauen",dpsg-arnsberg.de
16/04/07,Stamm,"Meschede-Eversberg, St. Ever.",dpsg-eversberg.de
16/04/08,Stamm,"Brilon, Propstei",dpsg-brilon.de
16/04/09,Stamm,"Stamm Kückelheim",-
16/04/11,Stamm,"Meschede, St. Walburga",dpsg-meschede.de
16/05/00,Bezirk,"Bezirk Siegerland-Südsauerland",dpsg-sisuesau.de
16/05/01,Stamm,"Siegen, St. Michael",pfadfinder-siegen.de
16/05/02,Stamm,"Siegen, St. Peter und Paul",-
16/05/03,Stamm,"Siegen-Hüttental",dpsg-huettental.de
16/05/05,Stamm,"Olpe, Vinzenz Pallotti",dpsg-pfadfinden-olpe.de
16/05/06,Stamm,"Netphen, St. Martini",dpsg-netphen.de
16/05/07,Stamm,"Netphen-Dreis-Tiefenbach",dpsg-dreisbe.de
16/05/09,Stamm,"Attendorn-Ennest, St. Margaretha",-
16/05/10,Stamm,"Wilnsdorf-Rudersdorf, St. Laurentius",-
16/06/00,Bezirk,"Bezirk OWL",dpsg-owl.de
16/06/01,Stamm,"Paderborn-Schloß Neuhaus, St. Heinrich",dpsgschlossneuhaus.de
16/06/02,Stamm,"Paderborn, St. Meinolf",dpsg-st-meinolf.de
16/06/03,Stamm,"Herford, St. Johannes Baptist",herforder-pfadfinder.de
16/06/04,Stamm,"Bielefeld, Liebfrauen",dpsg-bielefeld.de
16/06/06,Stamm,"Nordborchen",dpsg-nordborchen.de
16/06/07,Stamm,"Gütersloh-Spexard",pfadfinder-guetersloh.de
16/06/08,Stamm,"Paderborn, Auf der Lieth, St. Hedwig",dpsg-sthedwig.de
16/06/10,Stamm,"Lemgo",dpsg-lemgo.de
16/06/13,Stamm,"Detmold, Hl. Kreuz",dpsg-detmold.de
16/06/17,Stamm,"Paderborn-Elsen, St. Dionysius Elsen",dpsg-elsen.de
16/08/00,Bezirk,"Bezirk Corvey",dpsg-corvey.de
16/08/01,Stamm,"Höxter-Stadtmitte, St. Ansgar",pfadfinder-hoexter.de
16/08/03,Stamm,"Stamm St. Johannes Baptist Lüchtringen",dpsg-luechtringen.de
16/08/04,Stamm,"Stahle, St. Anna",dpsg-stahle.de
16/08/05,Stamm,"Brenkhausen, St. Johannes",dpsg-brenkhausen.de
16/08/08,Stamm,"Höxter-Ottbergen",dpsg-ottbergen.de
17/00/00,Diözese,"Diözesanverband Passau",dpsg-passau.de
17/01/01,Stamm,"Hengersberg",-
17/01/02,Stamm,"DPSG Fürstenstein-Nammering",-
17/01/03,Stamm,"Salzweg, Sophie Scholl",pfadfinder-salzweg.de
17/02/01,Stamm,"Neuötting",dpsg-neuoetting.de
17/02/03,Stamm,"Winhöring",-
17/04/01,Stamm,"Hauzenberg",-
17/04/02,Stamm,"Freyung, St. Gunther",-
17/04/03,Stamm,"Tittling",-
17/04/04,Stamm,"Untergriesbach",dpsg-untergriesbach.de
17/05/01,Stamm,"Kirchdorf",pfadfinder-kirchdorf.de
17/05/02,Stamm,"Pocking",pfadfinder-pocking.de
17/05/03,Stamm,"Pfarrkirchen",dpsg-pfarrkirchen.de
17/05/04,Stamm,"Vilshofen",dpsg-vilshofen.de
17/05/05,Stamm,"Rotthalmünster, St. Sebastian",pfadfinderstamm.de
17/05/08,Siedlung,"Fürstenzell",-
17/06/01,Stamm,"Frauenau",-
17/07/01,Stamm,"Grafenau",dpsg-grafenau.de
18/00/00,Diözese,"Diözesanverband Regensburg",dpsg-regensburg.de
18/01/00,Bezirk,"FichtelBezirk",dpsg-fichtelbezirk.de
18/01/01,Stamm,"Speichersdorf, Kirchenlaibach",dpsg-speichersdorf.de
18/01/02,Stamm,"Kulmain",dpsg-kulmain.de
18/01/03,Stamm,"Mitterteich",dpsg-mitterteich.de
18/01/04,Stamm,"Marktredwitz",dpsg-marktredwitz.de
18/01/05,Stamm,"Tirschenreuth",dpsg-tirschenreuth.de
18/02/00,Bezirk,"BurgenBezirk",dpsg-burgenbezirk.de
18/02/01,Stamm,"Eschenbach",pfadfinder-eschenbach.de
18/02/02,Stamm,"Weiden, Thomas Morus",pfadfinder-weiden.com
18/02/03,Stamm,"Neuhaus, Don Bosco",pfadfinder-neuhaus.de
18/02/08,Stamm,"Windischeschenbach, St. Georg",pfadfinder-windischeschenbach.de
18/03/00,Bezirk,"HüttenBezirk",-
18/03/01,Stamm,"Amberg, St. Georg",dpsg-amberg.de
18/03/02,Stamm,"Ammersricht, St. Konrad",dpsg-ammersricht.de
18/03/05,Stamm,"Schnaittenbach",dpsg-schnaittenbach.de
18/03/06,Stamm,"Sulzbach-Rosenberg",pfadfinder-suro.de
18/03/07,Stamm,"Poppenricht-Michaelspoppenricht",-
18/03/08,Stamm,"Ensdorf",dpsg-ensdorf.de
18/05/00,Bezirk,"Bezirk Niederbayern",-
18/05/01,Stamm,"Puchhausen-Hüttenkofen",-
18/05/03,Stamm,"Straßkirchen, Impeesa",pfadfinder-strasskirchen.de
18/05/04,Stamm,"Landshut, Angelo Roncalli",-
18/05/05,Stamm,"Landshut, St. Pius",-
18/05/06,Stamm,"DPSG Stamm Viechtach",-
18/05/07,Stamm,"Landshut, St. Wolfgang",-
18/05/09,Stamm,"Hohenthann",-
18/05/13,Siedlung,"Vilsbiburg",-
18/06/00,Bezirk,"DomBezirk",dombezirk.de
18/06/01,Stamm,"Obertraubling, Trubilo",dpsg-obertraubling.com
18/06/03,Stamm,"Regensburg-Ziegetsdorf",pfadis-z.de
18/06/04,Stamm,"Regensburg-Kupfmühl, St. Wolfgang",dpsg-stwolfgang.de
18/06/05,Stamm,"Regensburg, St. Konrad",dpsg-st-konrad.de
18/06/06,Stamm,"Sinzing",dpsgsinzing.de
18/06/07,Stamm,"Regensburg, Herz Marien",dpsg-herz-marien.de
18/06/08,Stamm,"Regensburg-Steinweg, Hl. Dreifaltigkeit",pfadfinder-steinweg.de
18/06/11,Stamm,"Wenzenbach",pfadfinder-wenzenbach.de
18/06/12,Stamm,"Regensburg-Schwabelweis",dpsg-schwabelweis.de
18/06/14,Stamm,"Hainsacker, Geschwister Scholl",pfadfinder-hainsacker.de
18/06/15,Stamm,"Regensburg-Burgweinting",-
18/06/16,Stamm,"Pettendorf",-
18/07/00,Bezirk,"JuraBezirk",jurabezirk.de
18/07/02,Stamm,"Parsberg",dpsg-parsberg.de
18/07/03,Stamm,"Kelheim",dpsg-kelheim.de
18/07/04,Stamm,"Saal, Christ König",pfadfinder-saal.de
18/07/06,Stamm,"Abensberg-Offenstetten",dpsg-offenstetten.de
18/07/07,Stamm,"Stamm Teugn",pfadfinder-teugn.de
19/00/00,Diözese,"Diözesanverband Rottenburg-Stuttgart",dpsg.info
19/01/00,Bezirk,"Bezirk Stuttgart",dpsg-stuttgart.de
19/01/01,Stamm,"Stuttgart-Obertürkheim, St. Franziskus",dpsg-obertuerkheim.de
19/01/03,Stamm,"Stuttgart-Möhringen, St. Hedwig",-
19/01/04,Stamm,"Stuttgart-Hofen",dpsg-hofen.de
19/01/05,Stamm,"Oeffingen, Chico Mendes",pfadfinder-oeffingen.de
19/01/09,Stamm,"Stuttgart-Zuffenhausen",-
19/01/12,Stamm,"Leonberg, St. Johannes d. T.",dpsg-leonberg.de
19/02/00,Bezirk,"Bezirk Neckar/Filder",bezirk-neckar-filder.de
19/02/01,Stamm,"Esslingen, Wikinger",dpsg-esslingen.de
19/02/06,Stamm,"Neuhausen, Petrus & Paulus",dpsg-neuhausen.de
19/02/07,Stamm,"Corvus Nürtingen",dpsg-nuertingen.de
19/02/09,Stamm,"Wernau/Neckar",dpsg-wernau.de
19/03/00,Bezirk,"Bezirk Neckar",dpsg-neckar.de
19/03/02,Stamm,"Herrenberg, St. Josef",dpsg-herrenberg.de
19/03/03,Stamm,"Holzgerlingen",dpsg-holzgerlingen.de
19/03/04,Stamm,"Eningen",dpsg-eningen.de
19/03/05,Stamm,"Reutlingen-Nord",dpsg-rt-nord.de
19/03/09,Stamm,"Tübingen",dpsg-tuebingen.de
19/03/10,Stamm,"Frommern, St. Paulus",dpsg-frommern.de
19/03/11,Stamm,"Böblingen",dpsg-bb.de
19/03/13,Stamm,"Reutlingen-Mitte",dpsg-rt-mitte.de
19/03/15,Stamm,"St. Peter & Paul Weil der Stadt",weiler-pfadis.de
19/03/16,Stamm,"Reutlingen Süd",dpsg-rt-sued.de
19/03/20,Stamm,"Kiebingen, Heilig Geist",dpsg-kiebingen.de
19/03/21,Stamm,"Ammerbuch-Entringen",dpsg-entringen.de
19/04/00,Bezirk,"Bezirk Hohenstaufen",dpsg-hohenstaufen.de
19/04/01,Stamm,"Stamm Hl. Kreuz Deggingen",dpsg-deggingen.de
19/04/02,Stamm,"Donzdorf, St. Martin",-
19/04/05,Stamm,"Donzdorf-Winzingen, St. Bernhard",-
19/04/06,Stamm,"Eislingen",dpsg-eislingen.de
19/04/07,Stamm,"Göppingen, St. Maria",dpsg-gp.de
19/04/08,Stamm,"Salach, St. Margaretha",dpsg-salach.de
19/04/11,Stamm,"Schwäbisch-Gmünd, Hl. Kreuz",dpsg-schwaebischgmuend.de
19/06/00,Bezirk,"Bezirk Oberland",-
19/06/01,Stamm,"Carpe Diem Ehingen",pfadfinder-ehingen.de
19/06/02,Stamm,"Biberach, Weiße Rose",dpsg-biberach.de
19/06/03,Stamm,"Ravensburg, Impeesa",dpsg-rv.de
19/06/05,Stamm,"Friedrichshafen, Buchhorn",dpsg-fn.de
19/06/06,Stamm,"Laupheim, Kon - Tiki",kon-tiki.de
19/06/07,Stamm,"Schelklingen-Hütten, Guter Hirte",-
19/06/09,Stamm,"Wolfegg, Loreto",dpsg-wolfegg.com
19/06/11,Stamm,"Ennetach",-
19/06/12,Stamm,"Sinningen, St. Michael",-
19/06/14,Stamm,"Weingarten, Welfen",-
19/07/00,Bezirk,"Bezirk Schwarzwald-Donau",dpsg-schwarzwald-donau.de
19/07/01,Stamm,"Balingen, Hl. Geist",dpsg-balingen.de
19/07/02,Stamm,"Rottweil, J. F. Kennedy",dpsg-rottweil.de
19/07/03,Stamm,"Schramberg",dpsg-schramberg.de
19/07/06,Stamm,"Tuttlingen, Tutilo",dpsgtut.de
19/07/08,Stamm,"Weigheim, St. Otmar",-
19/08/00,Bezirk,"Bezirk Ostalb",dpsgostalb.de
19/08/01,Stamm,"Aalen, Salvator",dpsg-aalen.de
19/08/02,Stamm,"DPSG Bopfingen",dpsg-bopfingen.de
19/08/03,Stamm,"Ellwangen, St. Veit",dpsg-ellwangen.de
19/08/04,Stamm,"Giengen, St. Michael",dpsg-giengen.de
19/08/06,Stamm,"Heubach, St. Bernhard",heubacher-pfadfinder.de
19/08/08,Stamm,"Herbrechtingen, Romero",dpsg-herbrechtingen.de
19/08/21,Stamm,"Ulm-Nord",dpsg-ulm-nord.de
19/08/23,Stamm,"Ulm-Söflingen",pfadfinder-ulm.de
19/08/24,Stamm,"Rammingen",dpsg-rammingen.de
19/08/25,Stamm,"Saint-Exupery Ulm",dpsg-ulm.de
19/09/00,Bezirk,"Bezirk Unterland",dpsg-unterland.de
19/09/01,Stamm,"Bietigheim-Bissingen",dpsg-bibi.de
19/09/02,Stamm,"Heilbronn-Böcklingen, St. Kilian",-
19/09/03,Stamm,"Erlenbach, St. Martinus",dpsg-erlenbach.de
19/09/04,Stamm,"Ludwigsburg-Poppenweiler, Falke",dpsg-stamm-falke.de
19/09/05,Stamm,"Kornwestheim, St. Martin",-
19/09/06,Stamm,"Ludwigsburg, Silberschwäne",silberschwaene.de
19/09/07,Stamm,"Mühlacker, Herz-Jesu",dpsg-muehlacker.de
19/09/08,Stamm,"St. Dionys Neckarsulm",dpsg-neckarsulm.de
19/09/09,Stamm,"Brackenheim, Theodor Heuss",stammtheodorheuss.de
19/09/11,Stamm,"Heilbronn, Mahatma Ghandi",pfadfinder-heilbronn.de
19/09/12,Stamm,"Oedheim",dpsg-oedheim.de
19/09/15,Stamm,"Bad Wimpfen, Fähnlein Fieselschwein",dpsg-badwimpfen.de
19/09/18,Siedlung,"Heilbronn - Über dem Salzgrund",-
19/11/00,Bezirk,"Bezirk Hohenlohe",dpsg-bezirk-hohenlohe.de
19/11/01,Stamm,"Bad Mergentheim, Hoch- und Deutschmeister",dpsg-badmergentheim.de
19/11/02,Stamm,"Künzelsau",dpsg-kuen.de
19/11/03,Stamm,"Öhringen, Abenteuer",dpsg-oehringen.de
19/11/07,Stamm,"Santiago Schrozberg",dpsg-schrozberg.de
19/11/08,Stamm,"Ingelfingen",dpsg-ingelfingen.de
19/11/09,Stamm,"Bretzfeld Weiße Rose",dpsg-bretzfeld.de
20/00/00,Diözese,"Diözesanverband Speyer",dpsg-speyer.de
20/02/00,Bezirk,"Bezirk Trifels",-
20/02/01,Stamm,"Hauenstein, Christkönig",dpsg-hauenstein.de
20/02/02,Stamm,"Waldfischbach-Burgalben",dpsg-wfb.de
20/02/03,Stamm,"Rodalben, Sel. Bernhard",pfadis-rodalben.de
20/02/04,Stamm,"Kaiserslautern, Fridtjof Nansen",dpsg-kl.de
20/02/08,Stamm,"Rodalben, St. Josef",-
20/02/09,Siedlung,"Ludwigswinkel",-
20/02/10,Stamm,"Zweibrücken Stamm Heilige Elisabeth",dpsg-zw.de
20/03/00,Bezirk,"Bezirk Ludwigshafen",dpsg-lu.de
20/03/01,Stamm,"Frankenthal, St. Jakobus-Pilgerpfad",dpsg-frankenthal.com
20/03/02,Stamm,"Otterstadt",dpsg-otterstadt.de
20/03/03,Stamm,"Dannstadt-Schauernh., St. Michael",-
20/03/06,Stamm,"Ludwigshafen, Herz Jesu",-
20/03/07,Stamm,"Ludwigshafen-Gartenstadt, Phoenix",-
20/03/08,Stamm,"Ludwigshafen-Pfingstweide, St. Albert",dpsg-st-albert.de
20/03/09,Stamm,"Altrip, Rheingold",dpsg-altrip.de
20/03/11,Stamm,"Ludwigshafen-Friesenheim, St. Josef",-
20/03/13,Stamm,"Bobenheim, St. Laurentius",dpsg-bobenheim-roxheim.de
20/03/14,Stamm,"Maxdorf/Birkenheide, Impeesa",dpsg-maxdorf.de
20/03/18,Stamm,"Ludwigshafen-Oggersh., Christ König",pfadfinder-oggersheim.de
20/04/00,Bezirk,"Bezirk Saarpfalz",-
20/04/01,Stamm,"St. Ingbert-Rohrbach",dpsg-rohrbach-saar.de
20/04/02,Stamm,"St. Ingbert, Hassel",pfadfinder-hassel.de
20/04/05,Stamm,"Mandelbachtal/Heckendalh., St. Josef",dpsg-heckendalheim.de
20/04/06,Stamm,"St. Ingbert-Mitte",-
20/04/07,Stamm,"Homburg-Jägersb., St. Josef",jaegersburger-pfadfinder.de
20/04/10,Stamm,"DPSG Johanneum",dpsg-johanneum.de
20/04/11,Stamm,"Niederwürzbach",dpsg-niederwürzbach.de
20/04/13,Stamm,"DPSG Camino Homburg",dpsg-camino-homburg.de
20/05/00,Bezirk,"Bezirk Haardt",-
20/05/01,Stamm,"Edenkoben/Hainfeld, Hedin",dpsg-hainfeld.de
20/05/02,Stamm,"Herxheim, Amundsen",dpsg-herxheim.de
20/05/03,Stamm,"Landau, St. Albert",dpsg-landau.de
20/05/04,Stamm,"Neustadt, Guy de Larigaudie",dpsg-nw.de
20/05/06,Stamm,"Neustadt-Lachen, Franz von Assisi",dpsg-lsp.de
20/05/07,Stamm,"Winden, Marco Polo",-
20/05/09,Stamm,"Rülzheim, St. Diethardt",pfadfinder-ruelzheim.de
20/05/10,Stamm,"Lambrecht",-
20/05/14,Stamm,"Speyer, Dompfarrei",dpsg-speyer-dom.de
20/05/15,Stamm,"Speyer, St. Konrad",dpsg-stkonrad.de
21/00/00,Diözese,"Diözesanverband Trier",dpsg-trier.de
21/01/00,Bezirk,"Bezirk Koblenz",dpsg-koblenz.de
21/01/04,Stamm,"Kaltenengers",-
21/01/06,Stamm,"Urmitz",-
21/01/07,Stamm,"Koblenz-Castell-Niederberg",-
21/01/08,Stamm,"Koblenz-Südliche Vorstadt, St. Josef",dpsg-sankt-josef.de
21/01/09,Stamm,"Koblenz-Goldgrube, St. Franziskus",dpsg-frisko.de
21/01/10,Stamm,"Koblenz-Güls, Seepfadfinder",seepfadfinder-koblenz.de
21/01/11,Stamm,"Rhens, St. Theresia",dpsg-rhens.de
21/01/14,Stamm,"Bassenheim, St. Martin",pfadfinder-bassenheim.de
21/01/16,Stamm,"Koblenz-Asterstein",dpsg-asterstein.de
21/01/17,Stamm,"Münstermaifeld, Maifeld-Scouts",maifeld-scouts.de
21/02/00,Bezirk,"Bezirk Mittelmosel",-
21/02/01,Stamm,"Bernkastel-Kues, Moselfranken",-
21/02/02,Stamm,"Bernkastel-Kues, Westgoten",westgoten.de
21/02/05,Stamm,"Rachtig, Deutschherren",pfadfinder-rachtig.de
21/02/07,Stamm,"Kaisersesch",dpsg-kaisersesch.de
21/02/12,Stamm,"Wittlich, St. Rochus",-
21/03/00,Bezirk,"Bezirk Rhein-Hunsrück-Nahe",-
21/03/01,Stamm,"Kirn-Sulzbach, St. Michael",-
21/03/03,Stamm,"Bad Kreuznach, Franziskus",dpsg-kh.de
21/03/04,Stamm,"Rheinböllen, Soonwald",dpsg-rheinboellen.de
21/03/05,Stamm,"Waldalgesheim, Alagastesheim",pfadfinder-waldalgesheim.de
21/03/06,Stamm,"Sohren",-
21/03/07,Stamm,"St. Rupertus Bingerbrück",dpsg-bingerbrueck.de
21/04/00,Bezirk,"Bezirk Rhein-Wied",dpsg-rhein-wied.de
21/04/01,Stamm,"Neuwied-Oberbieber, St. Bonifatius",pfadfinder-oberbieber.de
21/04/02,Stamm,"Kurtscheid",dpsg-kurtscheid.de
21/04/03,Stamm,"Neuwied-Feldkirchen, St. Michael",dpsg-st-michael.de
21/04/04,Stamm,"DPSG Neuwied-City",dpsg-neuwied-city.de
21/04/06,Stamm,"Rheinbrohl",-
21/04/08,Siedlung,"Bad Hönningen",-
21/04/12,Stamm,"Neuwied-Engers, St. Martin",pfadfinder-engers.de
21/04/13,Stamm,"Neuwied, Heimbach-Weis",dpsg-heimbach-weis.de
21/04/14,Stamm,"Neuwied-Gladbach",dpsg-gladbach.de
21/04/17,Stamm,"Leutesdorf, Marcel Callo",-
21/05/00,Bezirk,"Bezirk Saarbrücken",dpsg-saarbruecken.de
21/05/02,Stamm,"Dudweiler, St. Bonifatius",-
21/05/05,Stamm,"Köllerbach, Herz Jesu",dpsg-koellerbach.de
21/05/06,Stamm,"Friedrichsthal, Wikinger",dpsg-friedrichsthal.de
21/05/07,Stamm,"Klarenthal, St. Bartholomäus",dpsg-klarenthal.de
21/05/11,Stamm,"Ludweiler, Warndt-Scouts",dpsg-warndt-scouts.de
21/05/12,Stamm,"Saarbrücken, Brebach",dpsgbrebach.de
21/06/00,Bezirk,"Bezirk Saar-Hochwald",-
21/06/01,Stamm,"DPSG Roden, Stamm Graf Folke Bernadotte Saarlouis-Roden",dpsg-roden.de
21/06/02,Siedlung,"Perl, St. Gervasius & Protasius",-
21/06/04,Stamm,"Rehlingen-Siersburg, St. Nikolaus",dpsg-rehlingen.de
21/06/07,Stamm,"DPSG Saarlouis Stamm Beaumarais",dpsg-beaumarais.de
21/06/08,Stamm,"Hülzweiler, St. Laurentius",dpsg-huelzweiler.de
21/07/00,Bezirk,"Bezirk Schaumberg-Blies",-
21/07/02,Stamm,"Illingen, St. Stephan, Die Adler",die-adler-illingen.de
21/07/04,Stamm,"Hasborn",dpsg-hasborn.de
21/07/12,Stamm,"Neunkirchen, St. Pius",-
21/08/00,Bezirk,"Bezirk Sieg",dpsg-bezirk-sieg.de
21/08/02,Stamm,"Kirchen, St. Michael",-
21/08/03,Stamm,"Niederfischbach",-
21/08/04,Stamm,"Betzdorf, St. Ignatius",-
21/08/05,Stamm,"Niederschelderhütte/Birken",-
21/09/00,Bezirk,"Bezirk Trier",dpsg-bezirk-trier.de
21/09/02,Stamm,"Trier-Euren, Helena/Tempelherren",dpsg-tempelherren.de
21/09/03,Stamm,"Trier-Pfalzel, Pankratius",dpsg-pfalzel.de
21/09/06,Stamm,"Saarburg-Beurig, St. Franziskus",-
21/09/08,Siedlung,"Trier-Tarforst, Centarburs",dpsg-centarburs-trier.de
21/09/10,Stamm,"Trier-Heiligkreuz, Santa Cruz",dpsg-santacruz-trier.de
21/09/13,Stamm,"Föhren, Don Bosco",-
21/10/00,Bezirk,"Bezirk Eifel / Ahr",dpsg-eifel-ahr.de
21/10/01,Stamm,"Adenau",dpsg-adenau.de
21/10/03,Stamm,"Grafschaft Ringen, G. Galilei",dpsg-ringen.net
21/10/04,Stamm,"Andernach, St. Michael",dpsg-andernach.de
21/10/05,Stamm,"Balu Hillesheim",stamm-balu.de
21/10/06,Stamm,"Weißenthurm/Kettig, Feuer und Flamme",dpsg-feuerundflamme.de
21/10/07,Stamm,"Kruft, Dionysius",-
21/10/10,Stamm,"Saffig Pellenzbande",-
21/10/11,Stamm,"Andernach, Am Nastberg Eich",-
22/00/00,Diözese,"Diözesanverband Würzburg",dpsg-wuerzburg.de
22/01/00,Bezirk,"Bezirk Untermain",-
22/01/01,Stamm,"Aschaffenburg-Innenstadt, Johannisburg",stamm-johannisburg.de
22/01/02,Stamm,"Mainaschaff, Ascapha",pfadfinderhaus.de
22/01/03,Stamm,"Stockstadt, Mauritius",dpsg-stockstadt.de
22/01/04,Stamm,"Aschaffenburg-Gailbach, Guy de Larigaudie e.V.",dpsg-gailbach.de
22/01/05,Stamm,"Großwallstadt, Impeesa",-
22/01/08,Stamm,"Aschaffenburg/Schweinheim",dpsg-schweinheim.de
22/01/09,Stamm,"Heimbuchenthal, Schwarzkittel",dpsg-heimbuchenthal.de
22/01/10,Stamm,"Albstadt",stamm-albstadt.de
22/01/11,Stamm,"Mönchberg, Aubachtal",-
22/01/12,Stamm,"Elsenfeld, Germania",stammgermania.de
22/01/13,Stamm,"Alzenau",dpsg-alzenau.de
22/01/14,Stamm,"Großostheim",pfadfinder-grossostheim.de
22/03/00,Bezirk,"Bezirk St. Kilian",bezirk-st-kilian.de
22/03/04,Stamm,"Würzburg-Lengfeld, St. Burkard",pfadfinder-lengfeld.de
22/03/05,Stamm,"Würzburg-Sanderau, Fred Joseph",fred-joseph.de
22/03/06,Stamm,"Würzburg-Heidingsfeld, Tilly",-
22/03/07,Stamm,"Würzburg-Rottenbauer, Wolfskeel",stamm-wolfskeel.de
22/03/09,Stamm,"Würzburg-Frauenland, Greiffenclau",greiffenclau.de
22/05/00,Bezirk,"Bezirk Genesis Nord",dpsg-bezirk-geno.de
22/05/01,Stamm,"Gerolzhofen, Gralsritter",-
22/05/03,Stamm,"Euerbach, St. Michael",-
22/05/04,Stamm,"Schweinfurt, Tokwon",-
22/05/05,Stamm,"Niederwerrn, von Münster",dpsg-niederwerrn.de
22/05/06,Stamm,"Mellrichstadt, Martin Pollich",-
22/05/08,Stamm,"Ostheim",-
22/05/09,Stamm,"Haßfurt, Lichtenstein",dpsg-hassfurt.de
22/05/12,Stamm,"Münnerstadt, Kreuzritter",pfadfinder-muennerstadt.de
22/05/13,Stamm,"Bad Kissingen, Henneberg",pfadfinder-badkissingen.de
22/05/15,Stamm,"Nordheim/Rhön",-
22/05/16,Stamm,"Stockheim",-
22/05/18,Stamm,"Oberelsbach, Buchonia",dpsg-buchonia.de
22/08/00,Bezirk,"Bezirk Main-Spessart",-
22/08/02,Stamm,"Lohr-Sackenbach, Bonifatius",-
22/08/03,Stamm,"DPSG Stamm Roncalli Partenstein",-
22/08/06,Stamm,"Lohr-Sendelbach, St. Josef",dpsg-sendelbach.de
22/10/00,Bezirk,"Bezirk Mainfranken",-
22/10/01,Stamm,"Randersacker, St. Stephanus",-
22/10/02,Stamm,"Ochsenfurt, Konradin",stamm-konradin.de
22/10/05,Stamm,"Rimpar,Tilman Riemenschneider",dpsg-rimpar.de
22/10/06,Stamm,"Reichenberg/Hattenhausen",stamm-hattenhausen.de
22/10/09,Stamm,"Stadtschwarzach",dpsg-schwarzach.de
22/10/11,Stamm,"Leinach, Kardinal Döpfner",dpsg-leinach.de
22/10/12,Stamm,"Eisingen, St. Nikolaus",-
22/10/13,Stamm,"Wertheim",-
31/00/00,Diözese,"Diözesanverband Magdeburg",dpsg-magdeburg.de
31/11/02,Stamm,"Magdeburg, Unser lieben Frauen",dpsg-md.de
31/15/01,Stamm,"Sangerhausen-Altstadt, St. Jutta",-
31/16/01,Stamm,"Badersleben, Sankt Martin e.V.",dpsg-badersleben.de
31/16/02,Stamm,"Blankenburg, St. Josef",dpsg-blankenburg.de
31/17/05,Stamm,"Halle (Saale), Phönix",dpsg-halle.de
31/17/06,Siedlung,"Burgenlandfalken Weißenfels",-
31/19/02,Stamm,"Drachentöter Dresden",dpsg-dresden.de
31/19/03,Stamm,"Leipzig, Tilia",dpsg-leipzig.de
32/00/00,Diözese,"Diözesanverband Erfurt",dpsg-thueringen.de
32/00/01,Stamm,"Jena, St. Michael",-
32/60/03,Stamm,"Uder, St. Jakobus",-
32/60/04,Stamm,"Heiligenstadt, St. Aegidien",-
32/60/08,Stamm,"Erfurt, St. Elisabeth",pfadfinder-erfurt.de
32/60/09,Stamm,"Weimar, Marcel Callo",-
32/60/13,Stamm,"Niederorschel, St. Marien",-
33/00/00,Diözese,"Diözesanverband Hamburg",dpsg-hamburg.de
33/00/01,Siedlung,"Kiel Damiano",dpsg-kiel.de
33/00/02,Stamm,"Hamburg-Eimsbüttel, Wilder Weiher",dpsg-eimsbuettel.de
33/00/03,Siedlung,"Glinde, GerLinde",dpsg-glinde.de
33/02/01,Stamm,"Hamburg-Rahlstedt, Mutter Teresa",dpsg-rahlstedt.de
33/02/02,Stamm,"Hamburg-Hamm, Charles de Foucauld",dpsg-hamburg-hamm.de
33/02/03,Stamm,"Hamburg-Farmsen, St. Ansgar",dpsg-farmsen.de
33/02/04,Stamm,"Hamburg-Blankenese, Jacques Marquette",dpsg-blankenese.de
33/02/05,Stamm,"Hamburg-Harburg, Kardinal Graf  v. Galen",dpsg-harburg.de
33/02/06,Stamm,"Hamburg-Neugraben, Störtebeker",dpsg-stoertebeker.de
33/02/08,Stamm,"Hamburg-Poppenbüttel, Don Bosco",stamm-donbosco.de
33/02/10,Stamm,"Hamburg-Volksdorf, St. Martin",pfadfinder-volksdorf.de
33/02/12,Stamm,"Ahrensburg, Camilo Torres",dpsg-ahrensburg.de
33/02/13,Stamm,"Norderstedt, St. Hedwig",dpsg-norderstedt.de
33/02/15,Stamm,"Hamburg-Altona, Große Freiheit",dpsg-altona.de
33/02/17,Stamm,"Hamburg-Eidelstedt, Santa Lucia",-
33/03/03,Stamm,"Lübeck, Johannes Prassek",dpsg-luebeck.de
33/03/04,Stamm,"Rendsburg, Stern des Nordens",dpsg-rendsburg.de
33/03/05,Stamm,"Bargteheide, Nepomuk",dpsg-bargteheide.de
33/03/06,Stamm,"Digna Ochoa Quickborn",dignao.de
33/03/07,Stamm,"dpsg  Stamm Nelson Mandela Halstenbek/Pinneberg",dpsg-halstenbek-pinneberg.de
33/03/09,Stamm,"Itzehoe, Geschwister Scholl",dpsg-iz.de
